Country/Card,FileName,Raw OCR,GT
arizona_dl,generated.photos_v3_0164902.png,"ARIZONA uThe Grand Canyon State ADRIVER LICENSE4d DLND295145024b EXP08/21/20284d ISS 01/31/202303/13/1993REYNOLDS3 DOBBRIAN8 8642 PINE STLAKE HAVASU CITY, AZ 86403JR15 SEX16 HGT18 EYES17 WGTM5-03"" BRO164 lbCLASS9a ENDORSEMENTSLgrendNONE12 RESTRICTIONSB5 DDD: 0000000004001040","{""name"": null, ""address"": ""3 DOBBRIAN8 8642 PINE STLAKE HAVASU CITY, AZ 86403JR15"", ""birthday"": null, ""gender"": null, ""class"": ""9a"", ""issue_date"": ""01/31/2023"", ""expire_date"": ""08/21/2028"", ""license_number"": ""295145024"", ""height"": null, ""weight"": null, ""eye_color"": null, ""DD"": ""295145024""}"
arizona_dl,generated.photos_v3_0161268.png,"ARIZONA uThe Grand Canyon State ADRIVER LICENSE4d DLN D38581519D3858 15194b EXP 08/11/20254d LN08/13/202112/22/1998SUZUKI3 DOB1KENJI8 123 ELMWOOD DRSIERRA VISTA, AZ 8563515 SEX16 HGT18 EYES17 WGTF5-06"" BROBRO144 lb9 CLASS9a ENDORSEMENTSIjchenDNONE12 RESTRICTIONSB5 DDD: 0000000005005436","{""name"": null, ""address"": ""3858 15194b"", ""birthday"": null, ""gender"": null, ""class"": ""9a"", ""issue_date"": null, ""expire_date"": ""08/11/2025"", ""license_number"": ""38581519"", ""height"": null, ""weight"": null, ""eye_color"": null, ""DD"": ""38581519""}"
arizona_dl,generated.photos_v3_0164264.png,"ARIZONA uThe Grand Canyon State ADRIVER LICENSE4d DLN D535963904dDLN4b EXP 09/26/20264a ISS 09/ 26/20213 DOB03/11/1996ZHOUNATHAN8 654 OAKWOOD DRYUMA, AZ 8536415 SEX16 HGT18 EYES17 WGTM6'05"" BRO181 lbCLASS9a ENDORSEMENTSDNONEInghou12 RESTRICTIONSB5 DD: 0000000003461","{""name"": null, ""address"": ""8 654 OAKWOOD DRYUMA, AZ 8536415"", ""birthday"": ""03/11/1996"", ""gender"": null, ""class"": ""9a"", ""issue_date"": null, ""expire_date"": ""09/26/2026"", ""license_number"": ""535963904"", ""height"": null, ""weight"": null, ""eye_color"": null, ""DD"": ""535963904""}"
arizona_dl,generated.photos_v3_0163930.png,"ARIZONA uThe Grand Canyon State ADRIVER LICENSE4d DLN D2545583254b EXP 06/02/20284a ISS 06/06/202304/27/1996ORTEGA3 DOB1 ORTEGASERGIO8 123 E MAIN STPHOENIX, AZ 8500115 SEX16 HGT 18 EYES 17 WGTM6'05"" BRO17 WGT179 lb9 CLASS9a ENDORSEMENTSDNONESarteg12 RESTRICTIONSB5 DD: 0000000004421","{""name"": null, ""address"": ""3 DOB1 ORTEGASERGIO8 123 E MAIN STPHOENIX, AZ 8500115"", ""birthday"": null, ""gender"": null, ""class"": ""9a"", ""issue_date"": ""06/06/2023"", ""expire_date"": ""06/02/2028"", ""license_number"": ""2545583254"", ""height"": null, ""weight"": ""179"", ""eye_color"": null, ""DD"": ""2545583254""}"
arizona_dl,generated.photos_v3_0160608.png,"ARIZONA uThe Grand Canyon State ADRIVER LICENSE4d DLN D368521664d EXP 01/27/20274d LN08/05/20194d Exp11/18/19944a ISSSDOE3 DOB1 JOHN8 888 STRAWBERRY WAYPRESCOTT, AZ 8630115 SEX16 HGT16 EYES17 WGTM7-00"" BRO152 lbCLASS9a ENDORSEMENTSCNONE12 RESTRICTIONSB5 DDD: 0000000004004138","{""name"": null, ""address"": ""3 DOB1 JOHN8 888 STRAWBERRY WAYPRESCOTT, AZ 8630115"", ""birthday"": null, ""gender"": null, ""class"": ""9a"", ""issue_date"": null, ""expire_date"": ""01/27/2027"", ""license_number"": ""368521664"", ""height"": null, ""weight"": null, ""eye_color"": null, ""DD"": ""368521664""}"
arizona_dl,generated.photos_v3_0163409.png,"ARIZONA uThe Grand Canyon State ADRIVER LICENSE4d DLN D324266744b EXP 07/29/20244d LN07/29-20194a ISS02/24/2000SUZUKI3 DOBAIKO8 666 SPRUCE STSURPRISE, AZ 8537415 SEX16 HGT18 EYES17 WGTF7-07"" BRO196 lbCLASS9a ENDORSEMENTSDNONEasuzuk12 RESTRICTIONSB5 DD: 0000000004004062","{""name"": null, ""address"": ""3 DOBAIKO8 666 SPRUCE STSURPRISE, AZ 8537415"", ""birthday"": null, ""gender"": null, ""class"": ""9a"", ""issue_date"": ""02/24/2000"", ""expire_date"": ""07/29/2024"", ""license_number"": ""324266744"", ""height"": null, ""weight"": null, ""eye_color"": null, ""DD"": ""324266744""}"
arizona_dl,generated.photos_v3_0160894.png,"ARIZONA UThe Grand Canyon State ADRIVER LICENSE4d DLN D833178834b EXP 05/25/20264dDLN08/19/20194a ISSS08/21/20013 DOB1 DOEJOHN8369 ASH WAYSURPRISE, AZ 85327415 SEX16 HGT16 EYES17 WGTM6'0""3"" BRO107 lb9 CLASS9a ENDORSEMENTSBNONEkharzaB12 RESTRICTIONSB5 DD: 0000000002002709","{""name"": null, ""address"": ""20013 DOB1 DOEJOHN8369 ASH WAYSURPRISE, AZ 85327415"", ""birthday"": null, ""gender"": null, ""class"": ""9a"", ""issue_date"": ""08/21/2001"", ""expire_date"": ""05/25/2026"", ""license_number"": ""833178834"", ""height"": null, ""weight"": null, ""eye_color"": null, ""DD"": ""833178834""}"
arizona_dl,generated.photos_v3_0160896.png,"ARIZONA UThe Grand Canyon State ADRIVER LICENSE4d DLN D588958674b EXP 09/11/20284a ISS08/21/20233 DOB 11/09/1991MENDOZAZENON8 2468 W UNIVERSITY DRTEMPE, AZ 8528115 SEX16 HGT16 EYES17 WGTM5-06""BROBRO238 lbCLASS9a ENDORSEMENTSDNONEvorteg12 RESTRICTIONSB5 D: 0000000008001116","{""name"": null, ""address"": ""8 2468 W UNIVERSITY DRTEMPE, AZ 8528115"", ""birthday"": ""11/09/1991"", ""gender"": null, ""class"": ""9a"", ""issue_date"": ""08/21/2023"", ""expire_date"": ""09/11/2028"", ""license_number"": ""588958674"", ""height"": null, ""weight"": null, ""eye_color"": null, ""DD"": ""588958674""}"
arizona_dl,generated.photos_v3_0165002.png,"ARIZONA UThe Grand Canyon State ADRIVER LICENSE4d DLN D85104314D8510343144b EXP 03/22/20274d LN09/03/202002/15/20024a ISSSWILLIAMS3 DOBAALIYAH8258 PALM CTPEORIA, AZ 8534515 SEX16 HGT18 EYES17 WGTF5-04"" BROBRO102 lbCLASS9a ENDORSEMENTSCievanDNONE12 RESTRICTIONSB5 DD: 000000000400144","{""name"": null, ""address"": ""3 DOBAALIYAH8258 PALM CTPEORIA, AZ 8534515"", ""birthday"": null, ""gender"": null, ""class"": ""9a"", ""issue_date"": null, ""expire_date"": ""03/22/2027"", ""license_number"": ""85104314"", ""height"": null, ""weight"": null, ""eye_color"": null, ""DD"": ""85104314""}"
arizona_dl,generated.photos_v3_0164833.png,"ARIZONA UThe Grand Canyon State ADRIVER LICENSE4d DLN D848730814b EXP 05/18/20254d LN05/18-20204d EXP12/30/19944a ISSACOSTA3 DOBEMILY8357 MAGNOLIA AVEFLAGSTAFF, AZ 8600115 SEX16 HGT18 EYES17 WGTF7-06"" BRO102 lbCLASS9a ENDORSEMENTSDNONE12 RESTRICTIONSB5 DDD: 00000000000036","{""name"": null, ""address"": ""3 DOBEMILY8357 MAGNOLIA AVEFLAGSTAFF, AZ 8600115"", ""birthday"": null, ""gender"": null, ""class"": ""9a"", ""issue_date"": null, ""expire_date"": ""05/18/2025"", ""license_number"": ""848730814"", ""height"": null, ""weight"": null, ""eye_color"": null, ""DD"": ""848730814""}"
arizona_dl,generated.photos_v3_0161433.png,"ARIZONA uThe Grand Canyon State ADRIVER LICENSE4d DLND75441314b EXP10/27/20244a ISSN 03/06/20233 DOB03/27//19981 VARGASMANUEL8 852 JUNIPER PLFLAGSTAFF, AZ 8600115 SEX16 HGT18 EYES17 WGTM7-09"" BRO147 lbCLASS9a ENDORSEMENTSLagestNONE12 RESTRICTIONSB5 DD: 0000000005926","{""name"": null, ""address"": ""19981 VARGASMANUEL8 852 JUNIPER PLFLAGSTAFF, AZ 8600115"", ""birthday"": null, ""gender"": null, ""class"": ""9a"", ""issue_date"": ""03/06/2023"", ""expire_date"": ""10/27/2024"", ""license_number"": ""75441314"", ""height"": null, ""weight"": null, ""eye_color"": null, ""DD"": ""75441314""}"
arizona_dl,generated.photos_v3_0158380_0923515_0780140.png,"ARIZONA uThe Grand Canyon State ADRIVER LICENSE4d DLN D840373004b EXP 09/11/20244d LN4b Exp 09/ 11/20193 DOB09/27/19984a ISS 09/1/2019LEWISRONALDO8 1776 MAPLE DRMARICOPA, AZ 8513815 SEX16 HGT18 EYES17 WGTM7-06"" BRO143 lbCLASS9a ENDORSEMENTSBNONE12 RESTRICTIONSB5 DDD: 0000000003003600","{""name"": null, ""address"": ""8 1776 MAPLE DRMARICOPA, AZ 8513815"", ""birthday"": ""09/27/1998"", ""gender"": null, ""class"": ""9a"", ""issue_date"": null, ""expire_date"": ""09/11/2024"", ""license_number"": ""840373004"", ""height"": null, ""weight"": null, ""eye_color"": null, ""DD"": ""840373004""}"
arizona_dl,generated.photos_v3_0163763.png,"ARIZONA uThe Grand Canyon State ADRIVER LICENSE4d DLN D2574089594b EXP 01/27/20264dDLN01/27-20214a ISS 01/07/20213 DOB07/02/19881 ADAMS2 NICHOLAS8 13379 ASH LNBUCKEYE, AZ 8532615 SEX16 HGT18 EYES17 WGTM5-03""BROBRO140 lbCLASS9a ENDORSEMENTSInadamDNONE12 RESTRICTIONSB5 DDD: 0000000004004533","{""name"": null, ""address"": ""19881 ADAMS2 NICHOLAS8 13379 ASH LNBUCKEYE, AZ 8532615"", ""birthday"": ""07/02/1988"", ""gender"": null, ""class"": ""9a"", ""issue_date"": ""01/07/2021"", ""expire_date"": ""01/27/2026"", ""license_number"": ""2574089594"", ""height"": null, ""weight"": null, ""eye_color"": ""AZ"", ""DD"": ""2574089594""}"
arizona_dl,generated.photos_v3_0159289.png,"ARIZONA uThe Grand Canyon State ADRIVER LICENSE4d DLN D577900624b EXP 03/12/20274d LN03/12 12/20224a ISS 03/13/19903 DOB09/13-19901 LOPEZJOSE8 654 CEDAR CTTEMPE, AZ 8528115 SEX16 HGT18 EYES17 WGTM5'0""8""BROBRO232 lbCLASS9a ENDORSEMENTSDNONELilape12 RESTRICTIONSB5 DDD: 0000000004004567","{""name"": null, ""address"": ""19901 LOPEZJOSE8 654 CEDAR CTTEMPE, AZ 8528115"", ""birthday"": null, ""gender"": null, ""class"": ""9a"", ""issue_date"": ""03/13/1990"", ""expire_date"": ""03/12/2027"", ""license_number"": ""577900624"", ""height"": null, ""weight"": null, ""eye_color"": null, ""DD"": ""577900624""}"
arizona_dl,generated.photos_v3_0164179.png,"ARIZONA uThe Grand Canyon State ADRIVER LICENSE4d DLN D360312234b EXP 12/30/20284d LN D312/30-20234a ISS 12/31/20233 DOB06/21/1996BROWNDAVID8 1234 E-MAIN STPHOENIX, AZ 8500115 SEX16 HGT18 EYES17 WGTM5-11"" GRAGRA136 lbD CLASS9a ENDORSEMENTSDNONE12 RESTRICTIONSB5 DDD: 0000000004001441","{""name"": null, ""address"": null, ""birthday"": ""06/21/1996"", ""gender"": null, ""class"": ""9a"", ""issue_date"": ""12/31/2023"", ""expire_date"": ""12/30/2028"", ""license_number"": ""360312234"", ""height"": null, ""weight"": null, ""eye_color"": null, ""DD"": ""360312234""}"
arizona_dl,generated.photos_v3_0163844.png,"ARIZONA uThe Grand Canyon State ADRIVER LICENSE4d DLN D580240804b EXP 08/30/20284d LN08/30-20234a ISS3 DOB03/07/1993ORTEGADANIELA8 123 MAIN STPHOENIX, AZ 8500115 SEX16 HGT18 EYES17 WGTF5-02"" BRO127 lbCLASS9a ENDORSEMENTSDNONE12 RESTRICTIONSB5 DDD: 000000000000364","{""name"": null, ""address"": ""8 123 MAIN STPHOENIX, AZ 8500115"", ""birthday"": ""03/07/1993"", ""gender"": null, ""class"": ""9a"", ""issue_date"": null, ""expire_date"": ""08/30/2028"", ""license_number"": ""580240804"", ""height"": null, ""weight"": null, ""eye_color"": null, ""DD"": ""580240804""}"
arizona_dl,generated.photos_v3_0158380_0923515_0685781.png,"ARIZONA uThe Grand Canyon State ADRIVER LICENSE4d DLN D398358974b EXP 12/21/20254d LN 12/2/20204a ISS 12/1/2020THOMPSON3 DOB06/28/1993SIERRA8 987 CACTUS LNBULLHEAD CITY, AZ 8642915 SEX16 HGT18 EYES17 WGTF5-01"" BRO176 lbCLASS9a ENDORSEMENTSDNONE12 RESTRICTIONSB5 DDD: 0000000002761","{""name"": null, ""address"": ""8 987 CACTUS LNBULLHEAD CITY, AZ 8642915"", ""birthday"": ""06/28/1993"", ""gender"": null, ""class"": ""9a"", ""issue_date"": null, ""expire_date"": ""12/21/2025"", ""license_number"": ""398358974"", ""height"": null, ""weight"": null, ""eye_color"": null, ""DD"": ""398358974""}"
arizona_dl,generated.photos_v3_0163531.png,"ARIZONA uThe Grand Canyon State ADRIVER LICENSE4d DLN D793928264b EXP 09/04/20264a ISSN 09/4/202102/20/19961 RODRIGUEZ2 CARLOS765 ELMWOOD RDAVONDALE, AZ 8532315 SEX16 HGT18 EYES17 WGTM5-10"" BRO233 lbCLASS9a ENDORSEMENTSDNONE12 RESTRICTIONSB5 DDD: 00000000020001093","{""name"": null, ""address"": ""19961 RODRIGUEZ2 CARLOS765 ELMWOOD RDAVONDALE, AZ 8532315"", ""birthday"": null, ""gender"": null, ""class"": ""9a"", ""issue_date"": null, ""expire_date"": ""09/04/2026"", ""license_number"": ""793928264"", ""height"": null, ""weight"": null, ""eye_color"": null, ""DD"": ""793928264""}"
arizona_dl,generated.photos_v3_0165709_0943725_0093934.png,"ARIZONA uThe Grand Canyon State ADRIVER LICENSE4d DLN D396754714b EXP 04/01/20264a ISS 03/30/20194d EXP 0416/2003CHENCHENWEI8 111 CEDARWOOD AVEMARICOPA, AZ 85138MSEX16 HGT18 EYES17 WGTM5-04"" BRO194 lbCLASS9a ENDORSEMENTSDNONE12 RESTRICTIONSB5 DDD: 0000000005005141","{""name"": null, ""address"": null, ""birthday"": null, ""gender"": null, ""class"": ""9a"", ""issue_date"": ""03/30/2019"", ""expire_date"": ""04/01/2026"", ""license_number"": ""396754714"", ""height"": null, ""weight"": null, ""eye_color"": null, ""DD"": ""396754714""}"
arizona_dl,generated.photos_v3_0164250.png,"ARIZONA uThe Grand Canyon State ADRIVER LICENSE4d DLN D70855514d EXP 03/09/20244d LN4b EXP4a ISS 03/ 09/20194dob04/05/2004BROWNTERRENCE808 E PINNACLE PEAK RDPEORIA, AZ 8538315 SEX16 HGT18 EYES17 WGTM6'04"" BRO166 lbCLASS9a ENDORSEMENTSDNONEBrown12 RESTRICTIONSB5 DDD: 000000000303306","{""name"": null, ""address"": ""808 E PINNACLE PEAK RDPEORIA, AZ 8538315"", ""birthday"": ""04/05/2004"", ""gender"": null, ""class"": ""9a"", ""issue_date"": null, ""expire_date"": ""03/09/2024"", ""license_number"": ""70855514"", ""height"": null, ""weight"": null, ""eye_color"": null, ""DD"": ""70855514""}"
arizona_dl,generated.photos_v3_0160639.png,"ARIZONA uThe Grand Canyon State ADRIVER LICENSE4d DLND921110194b EXP 4b EXP 04/19/20284a ISSS 08/04/202102/08/2003TAN3 DOB1 NICHOLAS8 3738 OAKHILL DRCASA GRANDE, AZ 85122JR15 SEX16 HGT18 EYES17 WGTM5-06"" BROBRO245 lbCLASS9a ENDORSEMENTSDNONE12 RESTRICTIONSB5 DDD: 0000000004950","{""name"": null, ""address"": ""3 DOB1 NICHOLAS8 3738 OAKHILL DRCASA GRANDE, AZ 85122JR15"", ""birthday"": null, ""gender"": null, ""class"": ""9a"", ""issue_date"": ""08/04/2021"", ""expire_date"": ""04/19/2028"", ""license_number"": ""921110194"", ""height"": null, ""weight"": null, ""eye_color"": null, ""DD"": ""921110194""}"
arizona_dl,generated.photos_v3_0165709_0943725_0826925.png,"ARIZONA UThe Grand Canyon State ADRIVER LICENSE4d DLN D67577553D675755534b EXP 11/06/20254a ISS 01/14/201902/07/2001SANCHEZ3 DOB2 MIGUEL3888 E VAN BUREN STPHOENIX, AZ 85008SEX16 HGT18 EYES17 WGTM5-10"" BROBRO248 lbCLASS9a ENDORSEMENTSDNONECarell12 RESTRICTIONSB5 DD: 0000000002002015","{""name"": null, ""address"": null, ""birthday"": null, ""gender"": null, ""class"": ""9a"", ""issue_date"": ""01/14/2019"", ""expire_date"": ""11/06/2025"", ""license_number"": ""67577553"", ""height"": null, ""weight"": null, ""eye_color"": null, ""DD"": ""67577553""}"
arizona_dl,generated.photos_v3_0159600.png,"ARIZONA uThe Grand Canyon State ADRIVER LICENSE4d DLN D583518054d EXP 12/01/20274a ISSN 12/ 01/202207/24/2002ZHANGSHENG8 333 OAKWOOD LNCASA GRANDE, AZ 8512215 SEX16 HGT18 EYES17 WGTM6'01"" BRO1114 lbCLASS9a ENDORSEMENTSDNONEEshavlg12 RESTRICTIONSB5 DD: 0000000000001058","{""name"": null, ""address"": ""8 333 OAKWOOD LNCASA GRANDE, AZ 8512215"", ""birthday"": null, ""gender"": null, ""class"": ""9a"", ""issue_date"": null, ""expire_date"": ""12/01/2027"", ""license_number"": ""583518054"", ""height"": null, ""weight"": null, ""eye_color"": null, ""DD"": ""583518054""}"
arizona_dl,generated.photos_v3_0165492.png,"ARIZONA uThe Grand Canyon State ADRIVER LICENSE4d DLN D5274421884d EXP 04/10/20274a ISSS11/27/2020HARA3 DOB 04/22/1994TATSUYA4567 E SPEEDWAY BLVDTUCSON, AZ 8571215EX16 HGT16 EYES17 WGTM5-01""BROBRO236 lbCLASS9a ENDORSEMENTSDNONEyhu12 RESTRICTIONSB5 DD: 000000000800863","{""name"": null, ""address"": null, ""birthday"": ""04/22/1994"", ""gender"": null, ""class"": ""9a"", ""issue_date"": ""11/27/2020"", ""expire_date"": ""04/10/2027"", ""license_number"": ""5274421884"", ""height"": null, ""weight"": null, ""eye_color"": null, ""DD"": ""5274421884""}"
arizona_dl,generated.photos_v3_0161607.png,"ARIZONA uThe Grand Canyon State ADRIVER LICENSE4d DLN D497849374b EXP 06/07/20244d LN D6/07.201905/06/19974a ISS 06/ 07/20193 DOBTORRESMIA8 321 PINE STTEMPE, AZ 8528115 SEX16 HGT18 EYES17 WGTF5-02"" BRO115 lb9 CLASS9a ENDORSEMENTSDNONE12 RESTRICTIONSB5 DD: 000000000000119","{""name"": null, ""address"": ""20193 DOBTORRESMIA8 321 PINE STTEMPE, AZ 8528115"", ""birthday"": null, ""gender"": null, ""class"": ""9a"", ""issue_date"": null, ""expire_date"": ""06/07/2024"", ""license_number"": ""497849374"", ""height"": null, ""weight"": null, ""eye_color"": null, ""DD"": ""497849374""}"
arizona_dl,generated.photos_v3_0165668.png,"ARIZONA uThe Grand Canyon State ADRIVER LICENSE4d DLN D368618184d EXP 12/20/20254a ISSS 06/01/20204d Exp04/2019951 PARKER3 DOB2 JAMAL5892 S SAGUARO/WAYFOUNTAIN HILLS, AZ 8526815 SEX16 HGT18 EYES17 WGTM7-07"" BRO116 lbCLASS9a ENDORSEMENTSDNONECoffee12 RESTRICTIONSB5 DDD: 00000000020001778","{""name"": null, ""address"": ""19951 PARKER3"", ""birthday"": null, ""gender"": null, ""class"": ""9a"", ""issue_date"": ""06/01/2020"", ""expire_date"": ""12/20/2025"", ""license_number"": ""368618184"", ""height"": null, ""weight"": null, ""eye_color"": null, ""DD"": ""368618184""}"
arizona_dl,generated.photos_v3_0161219.png,"ARIZONA UThe Grand Canyon State ADRIVER LICENSE4d DLN D90862145D908821454b EXP 12/14/20254a ISS 09/04/20213 DOB09/19/1995CHENRYAN8258 SYCAMORE WAYSURPRISE, AZ 8537415 SEX16 HGT16 EYES17 WGTF6-11"" BROBRO126 lbD CLASSD9a ENDORSEMENTSNONE12 RESTRICTIONSB5 DD: 0000000004004847","{""name"": null, ""address"": ""8258 SYCAMORE WAYSURPRISE, AZ 8537415"", ""birthday"": ""09/19/1995"", ""gender"": null, ""class"": ""9a"", ""issue_date"": ""09/04/2021"", ""expire_date"": ""12/14/2025"", ""license_number"": ""90862145"", ""height"": null, ""weight"": null, ""eye_color"": null, ""DD"": ""90862145""}"
arizona_dl,generated.photos_v3_0160605.png,"ARIZONA UThe Grand Canyon State ADRIVER LICENSE4d DLND256382464b EXP 05/04/20284a ISS 10/20/20213 DOB09/14/1983CULLENEDWARD963 BIRCH STPEORIA, AZ 8534515 SEX16 HGT18 EYES17 WGTF7-05"" BRO185 lbCLASS9a ENDORSEMENTSDNONE12 RESTRICTIONSB5 DD: 000000000916","{""name"": null, ""address"": ""963 BIRCH STPEORIA, AZ 8534515"", ""birthday"": ""09/14/1983"", ""gender"": null, ""class"": ""9a"", ""issue_date"": ""10/20/2021"", ""expire_date"": ""05/04/2028"", ""license_number"": ""256382464"", ""height"": null, ""weight"": null, ""eye_color"": null, ""DD"": ""256382464""}"
arizona_dl,generated.photos_v3_0158601.png,"ARIZONA uThe Grand Canyon State ADRIVER LICENSE4d DLN D252672904d EXP 07/01/20264d LN4b EXP4a ISS 07/ 01/202104/29/1998LIU3 DOBJASMINE8 456 WALNUT STLAKE HAVASU CITY, AZ 8640315 SEX16 HGT18 EYES17 WGTF5-10"" BRO162 lbCLASS9a ENDORSEMENTSDNONEGlin12 RESTRICTIONSB5 DDD: 0000000006001658","{""name"": null, ""address"": ""3 DOBJASMINE8 456 WALNUT STLAKE HAVASU CITY, AZ 8640315"", ""birthday"": null, ""gender"": null, ""class"": ""9a"", ""issue_date"": null, ""expire_date"": ""07/01/2026"", ""license_number"": ""252672904"", ""height"": null, ""weight"": null, ""eye_color"": null, ""DD"": ""252672904""}"
arizona_dl,generated.photos_v3_0164777.png,"ARIZONA uThe Grand Canyon State ADRIVER LICENSE4d DLN D612194284dDLN4b EXP 09/06/20274a ISS 09/05/2022JOHNSON3 DOB05/19/1989MICHAEL8 123 MAIN STPHOENIX, AZ 8500115 SEX16 HGT18 EYES17 WGTM5-01"" BRO217 lbCLASS9a ENDORSEMENTSDNONEAnjohn12 RESTRICTIONSB5 DD: 0000000003772","{""name"": null, ""address"": ""8 123 MAIN STPHOENIX, AZ 8500115"", ""birthday"": ""05/19/1989"", ""gender"": null, ""class"": ""9a"", ""issue_date"": ""09/05/2022"", ""expire_date"": ""09/06/2027"", ""license_number"": ""612194284"", ""height"": null, ""weight"": null, ""eye_color"": null, ""DD"": ""612194284""}"
arizona_dl,generated.photos_v3_0161565.png,"ARIZONA uThe Grand Canyon State ADRIVER LICENSE4d DLN D298403884b EXP 04/01/20284d LN 4d Ln 4dLN 04/ 01/202312/12/2002KIM3 DOBSAMUEL8 1010 ASH STLAKE HAVASU CITY, AZ 8640315 SEX16 HGT18 EYES17 WGTM5-02"" BROBRO225 lbCLASS9a ENDORSEMENTSDNONE12 RESTRICTIONSB5 DDD: 0000000004113","{""name"": null, ""address"": ""3 DOBSAMUEL8 1010 ASH STLAKE HAVASU CITY, AZ 8640315"", ""birthday"": null, ""gender"": null, ""class"": ""9a"", ""issue_date"": null, ""expire_date"": ""04/01/2028"", ""license_number"": ""298403884"", ""height"": null, ""weight"": null, ""eye_color"": null, ""DD"": ""298403884""}"
arizona_dl,generated.photos_v3_0159380.png,"ARIZONA UThe Grand Canyon State ADRIVER LICENSE4d DLN D233894494b EXP 04/18/20264a ISS 04/8/20214b Exp10/1820051 TAN3 DOB1.DAVID8891 WALNUT STGLENDALE, AZ 8530115 SEX16 HGT 18 EYES 17 WGTM6'07"" BRO169 lb9 CLASS9a ENDORSEMENTSDNONE12 RESTRICTIONSB5 DDD: 0000000004001056","{""name"": null, ""address"": ""20051 TAN3"", ""birthday"": null, ""gender"": null, ""class"": ""9a"", ""issue_date"": null, ""expire_date"": ""04/18/2026"", ""license_number"": ""233894494"", ""height"": null, ""weight"": null, ""eye_color"": null, ""DD"": ""233894494""}"
arizona_dl,generated.photos_v3_0162723.png,"ARIZONA uThe Grand Canyon State ADRIVER LICENSE4d DLN D466190594b EXP 09/10/20284a ISS 09/01/20233 DOB 09/12/19971 MARTINEZALEJANDRO8 6789 PINE STREETCHANDLER, AZ 8522215 SEX16 HGT18 EYES17 WGTM5-11"" BROBRO203 lbCLASS9a ENDORSEMENTSDNONELamart12 RESTRICTIONSB5 DDD: 000000000656","{""name"": null, ""address"": ""19971 MARTINEZALEJANDRO8 6789 PINE STREETCHANDLER, AZ 8522215"", ""birthday"": ""09/12/1997"", ""gender"": null, ""class"": ""9a"", ""issue_date"": ""09/01/2023"", ""expire_date"": ""09/10/2028"", ""license_number"": ""466190594"", ""height"": null, ""weight"": null, ""eye_color"": null, ""DD"": ""466190594""}"
arizona_dl,generated.photos_v3_0164307.png,"ARIZONA UThe Grand Canyon State ADRIVER LICENSE4d DLN D9427422114b EXP 11/30/20264d LN11/30-20214a ISS11/31/202112/21/1992LEWIS3 DOBRYAN789 PEACH AVEGOODYEAR, AZ 8533815 SEX16 HGT18 EYES17 WGTM5'05""BROBRO107 lbCLASS9a ENDORSEMENTSDNONEDNONEE12 RESTRICTIONSB5 DDD: 0000000000005057","{""name"": null, ""address"": ""3 DOBRYAN789 PEACH AVEGOODYEAR, AZ 8533815"", ""birthday"": null, ""gender"": null, ""class"": ""9a"", ""issue_date"": ""11/31/2021"", ""expire_date"": ""11/30/2026"", ""license_number"": ""9427422114"", ""height"": null, ""weight"": null, ""eye_color"": null, ""DD"": ""9427422114""}"
arizona_dl,generated.photos_v3_0162944.png,"ARIZONA uThe Grand Canyon State ADRIVER LICENSE4d DLN D581260544b EXP 07/07/20244a ISS 07/ 07/20193 DOB 03/03/19881 MARTINDAVID8321 ELM STCHANDLER, AZ 8522415 SEX16 HGT18 EYES17 WGTM6'07"" BRO138 lb9 CLASS9a ENDORSEMENTSIdmartDNONE12 RESTRICTIONSB5 DD: 000000000400482","{""name"": null, ""address"": ""19881 MARTINDAVID8321 ELM STCHANDLER, AZ 8522415"", ""birthday"": ""03/03/1988"", ""gender"": null, ""class"": ""9a"", ""issue_date"": null, ""expire_date"": ""07/07/2024"", ""license_number"": ""581260544"", ""height"": null, ""weight"": null, ""eye_color"": null, ""DD"": ""581260544""}"
arizona_dl,generated.photos_v3_0159188.png,"ARIZONA uThe Grand Canyon State ADRIVER LICENSE4d DLN D22425274b EXP 06/02/20274a ISS 06/06/20223 DOB09/05/19951 TURNERDESMOND8 3737 MULBERRY STCASA GRANDE, AZ 8512215 SEX16 HGT18 EYES17 WGTM5'08"" BRO187 lb9 CLASS9a ENDORSEMENTSDNONE12 RESTRICTIONSB5 DDD: 000000000265","{""name"": null, ""address"": ""19951 TURNERDESMOND8 3737 MULBERRY STCASA GRANDE, AZ 8512215"", ""birthday"": ""09/05/1995"", ""gender"": null, ""class"": ""9a"", ""issue_date"": ""06/06/2022"", ""expire_date"": ""06/02/2027"", ""license_number"": ""22425274"", ""height"": null, ""weight"": null, ""eye_color"": null, ""DD"": ""22425274""}"
arizona_dl,generated.photos_v3_0165010.png,"ARIZONA uThe Grand Canyon State ADRIVER LICENSE4d DLN D28273632D282776324b EXP10/12/20264d LN10/31/202209/28/2000ROBERTS3 DOB1 JORDAN8 4646 MAPLE AVEMARICOPA, AZ 8513815 SEX15 HGT16 EYES17 WGTM5-10"" BRO221 lbCLASS9a ENDORSEMENTSCNONE12 RESTRICTIONSB5 DDD: 0000000004465","{""name"": null, ""address"": ""3 DOB1 JORDAN8 4646 MAPLE AVEMARICOPA, AZ 8513815"", ""birthday"": null, ""gender"": null, ""class"": ""9a"", ""issue_date"": null, ""expire_date"": ""10/12/2026"", ""license_number"": ""28273632"", ""height"": null, ""weight"": null, ""eye_color"": null, ""DD"": ""28273632""}"
arizona_dl,generated.photos_v3_0161746.png,"ARIZONA uThe Grand Canyon State ADRIVER LICENSE4d DLN D6074723364b EXP 09/22/20244a ISS 09/ 22/201905/15/2000CHEN3 DOB1CHEN2 MIA8 3132 JUNIPER RDGOODYEAR, AZ 8533815 SEX16 HGT18 EYES17 WGTF5'00"" BRO156 lbCLASS9a ENDORSEMENTSDNONEAmchen12 RESTRICTIONSB5 DDD: 0000000002528","{""name"": null, ""address"": ""3 DOB1CHEN2 MIA8 3132 JUNIPER RDGOODYEAR, AZ 8533815"", ""birthday"": null, ""gender"": null, ""class"": ""9a"", ""issue_date"": null, ""expire_date"": ""09/22/2024"", ""license_number"": ""6074723364"", ""height"": null, ""weight"": null, ""eye_color"": null, ""DD"": ""6074723364""}"
arizona_dl,generated.photos_v3_0160538.png,"ARIZONA uThe Grand Canyon State ADRIVER LICENSE4d DLN D764631894b EXP 12/22/20254dDLN D764631894b Exp11/05/202211/22-19954a ISS1 LOPEZ3 DOB1 CARLOS8 2727 N CENTRAL AVEPHOENIX, AZ 8500415 SEX16 HGT18 EYES17 WGTF5-02"" BROBRO171 lb9 CLASS9a ENDORSEMENTSDNONESturne12 RESTRICTIONSB5 DD: 0000000004004600","{""name"": null, ""address"": ""1 LOPEZ3"", ""birthday"": null, ""gender"": null, ""class"": ""9a"", ""issue_date"": null, ""expire_date"": ""12/22/2025"", ""license_number"": ""764631894"", ""height"": null, ""weight"": null, ""eye_color"": null, ""DD"": ""764631894""}"
arizona_dl,generated.photos_v3_0163445.png,"ARIZONA uThe Grand Canyon State ADRIVER LICENSE4d DLN D354074944b EXP 09/18/20284a ISS 09/ 18/20233 DOB07/19/1996WRIGHTTERRANCE8 789 PINE STKINGMAN, AZ 8640115 SEX16 HGT18 EYES17 WGTM6'03"" BRO228 lbHarrigCLASS9a ENDORSEMENTSDNONE12 RESTRICTIONSB5 DD: 00000000020001362","{""name"": null, ""address"": ""8 789 PINE STKINGMAN, AZ 8640115"", ""birthday"": ""07/19/1996"", ""gender"": null, ""class"": ""9a"", ""issue_date"": null, ""expire_date"": ""09/18/2028"", ""license_number"": ""354074944"", ""height"": null, ""weight"": null, ""eye_color"": null, ""DD"": ""354074944""}"
arizona_dl,generated.photos_v3_0165709_0943725_0836562.png,"ARIZONA uThe Grand Canyon State ADRIVER LICENSE4d DLN D3008889334b EXP 09/06/20244dDLN 12/13/201911/12/19884a ISSS 12/ 13/20193 DOBROSALESDIEGO8 1357 E SOUTHERN AVETEMPE, AZ 8528215 SEX16 HGT18 EYES17 WGTM6-11"" BROBRO227 lb9 CLASS9a ENDORSEMENTSagonlaNONED12 RESTRICTIONSB5 DDD: 0000000005005742","{""name"": null, ""address"": ""20193 DOBROSALESDIEGO8 1357 E SOUTHERN AVETEMPE, AZ 8528215"", ""birthday"": null, ""gender"": null, ""class"": ""9a"", ""issue_date"": null, ""expire_date"": ""09/06/2024"", ""license_number"": ""3008889334"", ""height"": null, ""weight"": null, ""eye_color"": null, ""DD"": ""3008889334""}"
arizona_dl,generated.photos_v3_0159975.png,"ARIZONA UThe Grand Canyon State ADRIVER LICENSE4d DLND483396984b EXP 11/03/20274a ISS 01/02/20213 DOB03/12/1987BOND1 JAMES8 852 SPRUCE CTGLENDALE, AZ 8530115 SEX16 HGT 18 EYES 17 WGTF5'08"" BROBRO105 lbCLASS9a ENDORSEMENTSDNONE12 RESTRICTIONSB5 DDD: 0000000005005061","{""name"": null, ""address"": ""1 JAMES8 852 SPRUCE CTGLENDALE, AZ 8530115"", ""birthday"": ""03/12/1987"", ""gender"": null, ""class"": ""9a"", ""issue_date"": ""01/02/2021"", ""expire_date"": ""11/03/2027"", ""license_number"": ""483396984"", ""height"": null, ""weight"": null, ""eye_color"": null, ""DD"": ""483396984""}"
arizona_dl,generated.photos_v3_0166085.png,"ARIZONA uThe Grand Canyon State ADRIVER LICENSED816151204d DLN4b EXP 12/19/20254d SS03/31/202112/06/2001THOMPSON3 DOBANDRE8 987 PINE RDCHANDLER, AZ 85222 444215 SEX16 HGT18 EYES17 WGTF5-10"" BROBRO185 lbCLASS9a ENDORSEMENTSTariosNONED12 RESTRICTIONSB5 DDD: 0000000005005214","{""name"": null, ""address"": ""3 DOBANDRE8 987 PINE RDCHANDLER, AZ 85222 444215"", ""birthday"": null, ""gender"": null, ""class"": ""9a"", ""issue_date"": null, ""expire_date"": ""12/19/2025"", ""license_number"": ""4"", ""height"": null, ""weight"": null, ""eye_color"": null, ""DD"": ""816151204""}"
arizona_dl,generated.photos_v3_0164262.png,"ARIZONA uThe Grand Canyon State ADRIVER LICENSE4d DLN D781325274b EXP 08/22/20264d LN08/22-20214a ISS08/23/20213 DOB03/31/1995CASTROROBERTO8 321 WALNUT LNMARICOPA, AZ 8513815 SEX16 HGT18 EYES17 WGTM7-11"" BRO182 lbCLASS9a ENDORSEMENTSANONE12 RESTRICTIONSB5 DDD: 0000000002790","{""name"": null, ""address"": ""8 321 WALNUT LNMARICOPA, AZ 8513815"", ""birthday"": ""03/31/1995"", ""gender"": null, ""class"": ""9a"", ""issue_date"": ""08/23/2021"", ""expire_date"": ""08/22/2026"", ""license_number"": ""781325274"", ""height"": null, ""weight"": null, ""eye_color"": null, ""DD"": ""781325274""}"
arizona_dl,generated.photos_v3_0166325.png,"ARIZONA yUThe Grand Canyon State ADRIVER LICENSE4d DLN D7085551D70855554b EXP 07/30/20254a ISSN 03/09/201904/05/2004BROWN3 DOB1 TERRENCE8 808 E PINNACLE PEAK RDPEORIA, AZ 8533315 SEX16 HGT16 EYES17 WGTM5-03"" BROBRO216 lbCLASS9a ENDORSEMENTSDNONE12 RESTRICTIONSB5 DDD: 0000000004004548","{""name"": null, ""address"": ""3 DOB1 TERRENCE8 808 E PINNACLE PEAK RDPEORIA, AZ 8533315"", ""birthday"": null, ""gender"": null, ""class"": ""9a"", ""issue_date"": ""03/09/2019"", ""expire_date"": ""07/30/2025"", ""license_number"": ""7085551"", ""height"": null, ""weight"": null, ""eye_color"": null, ""DD"": ""7085551""}"
arizona_dl,generated.photos_v3_0158380_0923515_0605909.png,"ARIZONA uThe Grand Canyon State ADRIVER LICENSE4d DLN D339684754b EXP 4b EXP 10/11/20274a ISS 10/1/20224a ISSS 10/15/1990MORGAN11/15-19902 TASHA8 789 ASH AVEGILBERT, AZ 8523315 SEX16 HGT18 EYES17 WGTF7-05"" BRO179 lbCLASS9a ENDORSEMENTSDNONE12 RESTRICTIONSB5 DD: 0000000004001786","{""name"": null, ""address"": ""19902 TASHA8 789 ASH AVEGILBERT, AZ 8523315"", ""birthday"": null, ""gender"": null, ""class"": ""9a"", ""issue_date"": ""10/15/1990"", ""expire_date"": ""10/11/2027"", ""license_number"": ""339684754"", ""height"": null, ""weight"": null, ""eye_color"": null, ""DD"": ""339684754""}"
arizona_dl,generated.photos_v3_0159893.png,"ARIZONA UThe Grand Canyon State ADRIVER LICENSE4d DLN D583029674b EXP 05/20/20284d LN4b Exp4a ISS05/20202301/13/1997LIU1.LIUAARON8 456 ELM STTUCSON, AZ 8570115 SEX16 HGT18 EYES17 WGTM7-11"" BROBRO194 lb9 CLASS 9a ENDORSEMENTSDNONE12 RESTRICTIONSB5 DDD: 0000000002651","{""name"": null, ""address"": ""8 456 ELM STTUCSON, AZ 8570115"", ""birthday"": null, ""gender"": null, ""class"": ""9a"", ""issue_date"": null, ""expire_date"": ""05/20/2028"", ""license_number"": ""583029674"", ""height"": null, ""weight"": null, ""eye_color"": null, ""DD"": ""583029674""}"
arizona_dl,generated.photos_v3_0164161.png,"ARIZONA uThe Grand Canyon State ADRIVER LICENSE4d DLN D48202938D4820 29384b EXP06/20/20264a ISS 06/20202105/07/1993GONZALEZ3 DOBVALENTINA8 123 MAIN STPHOENIX, AZ 8500115 SEX16 HGT18 EYES17 WGTF5-07"" BRO166 lbCLASS9a ENDORSEMENTSDNONELugery12 RESTRICTIONSB5 DDD: 0000000002005196","{""name"": null, ""address"": ""4820 29384b"", ""birthday"": null, ""gender"": null, ""class"": ""9a"", ""issue_date"": null, ""expire_date"": ""06/20/2026"", ""license_number"": ""48202938"", ""height"": null, ""weight"": null, ""eye_color"": null, ""DD"": ""48202938""}"
arizona_dl,generated.photos_v3_0158539.png,"ARIZONA uThe Grand Canyon State ADRIVER LICENSE4d DLN D819818114b EXP 11/29/20284dDLN11/29-20234a ISS11/19/202310/29//1996DAVIS3 DOB1 WILLIAM8 987 CEDAR STGILBERT, AZ 8523315 SEX16 HGT16 EYES17 WGTM6-11"" BRO141 lbLudariCLASS9a ENDORSEMENTSDNONE12 RESTRICTIONSB5 DDD: 00000000020001502","{""name"": null, ""address"": ""3 DOB1 WILLIAM8 987 CEDAR STGILBERT, AZ 8523315"", ""birthday"": null, ""gender"": null, ""class"": ""9a"", ""issue_date"": ""11/19/2023"", ""expire_date"": ""11/29/2028"", ""license_number"": ""819818114"", ""height"": null, ""weight"": null, ""eye_color"": null, ""DD"": ""819818114""}"
arizona_dl,generated.photos_v3_0162768.png,"ARIZONA uThe Grand Canyon State ADRIVER LICENSE4d DLN D542657174b EXP 03/26/20254a ISS 03/25/20203 DOB06/21/1989MITCHELLETHAN8 456 OAK AVETUCSON, AZ 8570115 SEX16 HGT18 EYES17 WGTM7-00"" BRO208 lbCLASS9a ENDORSEMENTSDNONE12 RESTRICTIONSB5 DDD: 0000000004221","{""name"": null, ""address"": ""8 456 OAK AVETUCSON, AZ 8570115"", ""birthday"": ""06/21/1989"", ""gender"": null, ""class"": ""9a"", ""issue_date"": ""03/25/2020"", ""expire_date"": ""03/26/2025"", ""license_number"": ""542657174"", ""height"": null, ""weight"": null, ""eye_color"": null, ""DD"": ""542657174""}"
esp,generated.photos_v3_0075573_0131493_0001510.png,DOCUMENTO NACIONAL DE IDENTIDADPRIMER APELLIDOESPANAENRIQUESEGUNDO APELLIIDORAULNOMBREORTIZSEXONACIONALDIDADMESPFECHA DE NACIMIENTO26 11 2001IDESPOJP749536HUNTERIALODEL INTERIÓNVALIDO HASTA06 07 2025ERRÓ20LoenriDNI NÜM.003838335IDNIDNIN,"{""country_code"": ""ESPANA"", ""surname"": ""ESPANAENRIQUESEGUNDO"", ""given_name"": ""ORTIZSEXONACIONALDIDADMESPFECHA"", ""birthday"": ""26 11 2001"", ""issue_date"": null, ""expire_date"": ""06 07 2025"", ""gender"": ""NACIONALDIDADMESPFECHA"", ""second_surname"": null, ""card_num"": ""OJP749536HUNTERIALODEL"", ""personal_num"": null}"
esp,generated.photos_v3_0072123.png,DOCUMENTO NACIONAL DE IDENTIDADPRIMER APELLIDOESPANAMARIA ANGELESSEGUNDO APELLIIDOPATRICIANOMBRESUAREZSEXONACIONALDIDADFESPFECHA DE NACIMIENTO07 03 1987IDESPMDO491817HUNTERIALODEL NACIÓNVALIDO HASTA03 04 20270/PPS82smariaDNI NÚM.20963504TIDNIDNIDEN,"{""country_code"": ""ESPANA"", ""surname"": ""ESPANAMARIA"", ""given_name"": ""SUAREZSEXONACIONALDIDADFESPFECHA"", ""birthday"": ""07 03 1987"", ""issue_date"": null, ""expire_date"": ""03 04 2027"", ""gender"": ""NACIONALDIDADFESPFECHA"", ""second_surname"": null, ""card_num"": ""MDO491817HUNTERIALODEL"", ""personal_num"": ""20963504""}"
esp,generated.photos_v3_0076785.png,DOCUMENTO NACIONAL DE IDENTIDADPRIMER APELLIDOESPANADOESEGUNDO APELLIIDOROCIONOMBREJANESEXONACIONALDADFESPFECHA DE NACIMIENTO26 01 2000IDESPDLA9121212HUNTERIALODEL NACIÓNVALIDO HASTA19 01 20281/BR02omariaDNI NÚM.97008720YNIDNIDNDN,"{""country_code"": ""ESPANA"", ""surname"": ""ESPANADOESEGUNDO"", ""given_name"": ""JANESEXONACIONALDADFESPFECHA"", ""birthday"": ""26 01 2000"", ""issue_date"": null, ""expire_date"": ""19 01 2028"", ""gender"": ""NACIONALDADFESPFECHA"", ""second_surname"": null, ""card_num"": ""DLA9121212HUNTERIALODEL"", ""personal_num"": ""97008720""}"
esp,generated.photos_v3_0072572_0465277_0881342.png,DOCUMENTO NACIONAL DE IDENTIDADPRIMER APELLIDOESPANADOESEGUNDO APELLIIDONURIANOMBREJOHNSEXONACIONALDIDADFESPFECHA DE NACIMIENTO23 08 1997IDESPEOT190587HUNTERIALODEL NATIONVALIDO HASTA12 05 2028Ank83IsanaDNI NÚM.36007715ANIDNIDNDN,"{""country_code"": ""ESPANA"", ""surname"": ""ESPANADOESEGUNDO"", ""given_name"": ""JOHNSEXONACIONALDIDADFESPFECHA"", ""birthday"": ""23 08 1997"", ""issue_date"": null, ""expire_date"": ""12 05 2028"", ""gender"": ""NACIONALDIDADFESPFECHA"", ""second_surname"": null, ""card_num"": ""EOT190587HUNTERIALODEL"", ""personal_num"": ""36007715""}"
esp,generated.photos_v3_0075573_0131493_0780601.png,DOCUMENTO NACIONAL DE IDENTIDADPRIMER APELLIDOESPANASERGIOSEGUNDO APELLidoRUBENNOMBRERAMIREZSEXONACIONALDIDADMESPFECHA DE NACIMIENTO27 09 1998IDESPMRH141994HUNTERIALODEL NACIÓNVALIDO HASTA05 12 2027SRR2IrsergDNI NÚM.192992333SIDNIDNINIDN,"{""country_code"": ""ESPANA"", ""surname"": ""ESPANASERGIOSEGUNDO"", ""given_name"": ""RAMIREZSEXONACIONALDIDADMESPFECHA"", ""birthday"": ""27 09 1998"", ""issue_date"": null, ""expire_date"": ""05 12 2027"", ""gender"": ""NACIONALDIDADMESPFECHA"", ""second_surname"": ""RUBENNOMBRERAMIREZSEXONACIONALDIDADMESPFECHA"", ""card_num"": ""MRH141994HUNTERIALODEL"", ""personal_num"": ""192992333""}"
esp,generated.photos_v3_0073046.png,DOCUMENTO NACIONAL DE IDENTIDADPRIMER APELLIDOESPANAMARIA CARMENSEGUNDO APELLidoELENANOMBRECALDERONSEXONACIONALDADFESPFECHA DE NACIMIENTO22 11 1998IDESPHXF991843HUNTERIDODEL NATIONVALIDO HASTA19 08 2029B7 023bealtoDNI NÚM.56135930BNIDNIDNDN,"{""country_code"": ""ESPANA"", ""surname"": ""ESPANAMARIA"", ""given_name"": ""CALDERONSEXONACIONALDADFESPFECHA"", ""birthday"": ""22 11 1998"", ""issue_date"": null, ""expire_date"": ""19 08 2029"", ""gender"": ""NACIONALDADFESPFECHA"", ""second_surname"": ""ELENANOMBRECALDERONSEXONACIONALDADFESPFECHA"", ""card_num"": ""HXF991843HUNTERIDODEL"", ""personal_num"": ""56135930""}"
esp,generated.photos_v3_0075573_0131493_0856748.png,DOCUMENTO NACIONAL DE IDENTIDADPRIMER APELLIDOESPANAXAVIERSEGUNDO APELLidoJOSE CARLOSNOMBREMARTINEZSEXONACIONALDIDADMESPFECHA DE NACIMIENTO31 10 2001IDESPCIE570509HUNTERIDODEL NACIÓNVALIDO HASTA20 11 20272J Rop2LmcaviDNI NÚM.356570511HIDNIDNIDEN,"{""country_code"": ""ESPANA"", ""surname"": ""ESPANAXAVIERSEGUNDO"", ""given_name"": ""MARTINEZSEXONACIONALDIDADMESPFECHA"", ""birthday"": ""31 10 2001"", ""issue_date"": null, ""expire_date"": ""20 11 2027"", ""gender"": ""NACIONALDIDADMESPFECHA"", ""second_surname"": ""JOSE"", ""card_num"": ""CIE570509HUNTERIDODEL"", ""personal_num"": ""356570511""}"
esp,generated.photos_v3_0075573_0131493_0354030.png,DOCUMENTO NACIONAL DE IDENTIDADPRIMER APELLIDOESPANAMARIOSEGUNDO APELLidoRAFAELNOMBREROMEROSEXONACIONALDIDADMESPFECHA DE NACIMIENTO04 09 1999IDESPXMT056016HUNTERIALODEL INTERIÓNVALIDO HASTA02 06 2026ImariDNI NÚM.60860058WDNIDNIDDN,"{""country_code"": ""ESPANA"", ""surname"": ""ESPANAMARIOSEGUNDO"", ""given_name"": ""ROMEROSEXONACIONALDIDADMESPFECHA"", ""birthday"": ""04 09 1999"", ""issue_date"": null, ""expire_date"": ""02 06 2026"", ""gender"": ""NACIONALDIDADMESPFECHA"", ""second_surname"": ""RAFAELNOMBREROMEROSEXONACIONALDIDADMESPFECHA"", ""card_num"": ""XMT056016HUNTERIALODEL"", ""personal_num"": ""60860058""}"
esp,generated.photos_v3_0075935.png,DOCUMENTO NACIONAL DE IDENTIDADPRIMER APELLIDOESPANAFRANCISCO JAVIERSEGUNDO APELLILIDOVICTORNOMBREGILSEXONACIONALDIDADMESPFECHA DE NACIMIENTO23 03 1996IDESPUNJ814893HUNTERIDODEL INTERIORVALIDO HASTA13 12 2029FV/04LgfranDNI NÚM.70424200KIDNIDNINIDN,"{""country_code"": ""ESPANA"", ""surname"": ""ESPANAFRANCISCO"", ""given_name"": ""GILSEXONACIONALDIDADMESPFECHA"", ""birthday"": ""23 03 1996"", ""issue_date"": null, ""expire_date"": ""13 12 2029"", ""gender"": ""NACIONALDIDADMESPFECHA"", ""second_surname"": null, ""card_num"": ""UNJ814893HUNTERIDODEL"", ""personal_num"": ""70424200""}"
esp,generated.photos_v3_0071325.png,DOCUMENTO NACIONAL DE IDENTIDADPRIMER APELLIDOESPANALAURASEGUNDO APELLidoMARIA CARMENNOMBREGUTIERREZSEXONACIONALDADFESPFECHA DE NACIMIENTO05 01 1995IDESPXLG534138HUNTERIALODEL NATIONVALIDO HASTA14 02 202714 A/102IglaurDNI NÚM.28626966NIDNIDN,"{""country_code"": ""ESPANA"", ""surname"": ""ESPANALAURASEGUNDO"", ""given_name"": ""GUTIERREZSEXONACIONALDADFESPFECHA"", ""birthday"": ""05 01 1995"", ""issue_date"": null, ""expire_date"": ""14 02 2027"", ""gender"": ""NACIONALDADFESPFECHA"", ""second_surname"": ""MARIA"", ""card_num"": ""XLG534138HUNTERIALODEL"", ""personal_num"": ""28626966""}"
esp,generated.photos_v3_0075454.png,DOCUMENTO NACIONAL DE IDENTIDADPRIMER APELLIDOESPANAJUANSEGUNDO APELLidoLUISNOMBREVARGASSEXONACIONALDIDADMESPFECHA DE NACIMIENTO26 02 1991IDESPKHT847474HUNTERIALODEL NACIÓNVALIDO HASTA11 03 2027Jb3/2022LupuDNI NÚM.53447245TIDNIDNINIDN,"{""country_code"": ""ESPANA"", ""surname"": ""ESPANAJUANSEGUNDO"", ""given_name"": ""VARGASSEXONACIONALDIDADMESPFECHA"", ""birthday"": ""26 02 1991"", ""issue_date"": null, ""expire_date"": ""11 03 2027"", ""gender"": ""NACIONALDIDADMESPFECHA"", ""second_surname"": ""LUISNOMBREVARGASSEXONACIONALDIDADMESPFECHA"", ""card_num"": ""KHT847474HUNTERIALODEL"", ""personal_num"": ""53447245""}"
esp,generated.photos_v3_0074826.png,DOCUMENTO NACIONAL DE IDENTIDADPRIMER APELLIDOESPANAMARIA CARMENSEGUNDO APELLidoVICTORIANOMBREROJASSEXONACIONALDIDADFESPFECHA DE NACIMIENTO09 01 2006IDESPTKV378962HUNTERIALODEL INTERIÓNVALIDO HASTA23 06 2026IrmariDNI NÚM.147677799CIDNIDNINIDN,"{""country_code"": ""ESPANA"", ""surname"": ""ESPANAMARIA"", ""given_name"": ""ROJASSEXONACIONALDIDADFESPFECHA"", ""birthday"": ""09 01 2006"", ""issue_date"": null, ""expire_date"": ""23 06 2026"", ""gender"": ""NACIONALDIDADFESPFECHA"", ""second_surname"": ""VICTORIANOMBREROJASSEXONACIONALDIDADFESPFECHA"", ""card_num"": ""TKV378962HUNTERIALODEL"", ""personal_num"": ""147677799""}"
esp,generated.photos_v3_0075503.png,DOCUMENTO NACIONAL DE IDENTIDADPRIMER APELLIDOESPANASANDRASEGUNDO APELLIIDOROSARIONOMBREORTIZSEXONACIONALDIDADFESPFECHA DE NACIMIENTO04 02 2001IDESPLWY647873HUNTERIALODEL NATIONVALIDO HASTA29 06 2029SRO4PosandDNI NÚM.44988513TIDNIDNINIDN,"{""country_code"": ""ESPANA"", ""surname"": ""ESPANASANDRASEGUNDO"", ""given_name"": ""ORTIZSEXONACIONALDIDADFESPFECHA"", ""birthday"": ""04 02 2001"", ""issue_date"": null, ""expire_date"": ""29 06 2029"", ""gender"": ""NACIONALDIDADFESPFECHA"", ""second_surname"": null, ""card_num"": ""LWY647873HUNTERIALODEL"", ""personal_num"": ""44988513""}"
esp,generated.photos_v3_0072130.png,DOCUMENTO NACIONAL DE IDENTIDADPRIMER APELLIDOESPANAPATRICIASEGUNDO APELLidoMARIA DOLORESNOMBREMORALESSEXONACIONALDIDADFESPFECHA DE NACIMIENTO20 12 2005IDESPSFN892501HUNTERIALODEL NACIÓNVALIDO HASTA04 10 2026LmpatuDNI NÚM.7295782881IDNIDNINIDN,"{""country_code"": ""ESPANA"", ""surname"": ""ESPANAPATRICIASEGUNDO"", ""given_name"": ""MORALESSEXONACIONALDIDADFESPFECHA"", ""birthday"": ""20 12 2005"", ""issue_date"": null, ""expire_date"": ""04 10 2026"", ""gender"": ""NACIONALDIDADFESPFECHA"", ""second_surname"": ""MARIA"", ""card_num"": ""SFN892501HUNTERIALODEL"", ""personal_num"": ""7295782881""}"
esp,generated.photos_v3_0075573_0131493_0596363.png,DOCUMENTO NACIONAL DE IDENTIDADPRIMER APELLIDOESPANAMANUELSEGUNDO APELLidoPEDRONOMBREDELGADOSEXONACIONALDIDADMESPFECHA DE NACIMIENTO03 12 1997IDESPJVQ277927HUNTERIALODEL NATIONVALIDO HASTA06 09 202506/bP2D20DNI NÚM.5493438QDNIDNIDDN,"{""country_code"": ""ESPANA"", ""surname"": ""ESPANAMANUELSEGUNDO"", ""given_name"": ""DELGADOSEXONACIONALDIDADMESPFECHA"", ""birthday"": ""03 12 1997"", ""issue_date"": null, ""expire_date"": ""06 09 2025"", ""gender"": ""NACIONALDIDADMESPFECHA"", ""second_surname"": ""PEDRONOMBREDELGADOSEXONACIONALDIDADMESPFECHA"", ""card_num"": ""JVQ277927HUNTERIALODEL"", ""personal_num"": ""5493438""}"
esp,generated.photos_v3_0071909.png,DOCUMENTO NACIONAL DE IDENTIDADPRIMER APELLIDOESPANARAULSEGUNDO APELLidoXAVIERNOMBRETORRESSEXONACIONALDIDADMESPFECHA DE NACIMIENTO29 11 2003IDESPKKG408812HUNTERIALODEL NACIÓNVALIDO HASTA14 03 2025ROX2D202traulDNI NÚM.435799441RIDNIDNIN,"{""country_code"": ""ESPANA"", ""surname"": ""ESPANARAULSEGUNDO"", ""given_name"": ""TORRESSEXONACIONALDIDADMESPFECHA"", ""birthday"": ""29 11 2003"", ""issue_date"": null, ""expire_date"": ""14 03 2025"", ""gender"": ""NACIONALDIDADMESPFECHA"", ""second_surname"": ""XAVIERNOMBRETORRESSEXONACIONALDIDADMESPFECHA"", ""card_num"": ""KKG408812HUNTERIALODEL"", ""personal_num"": ""435799441""}"
esp,generated.photos_v3_0071535.png,DOCUMENTO NACIONAL DE IDENTIDADPRIMER APELLIDOESPANAMARTASEGUNDO APELLidoROCIONOMBREPASCUALSEXONACIONALDIDADFESPFECHA DE NACIMIENTO24 04 1991IDESPIDESPADEL INTERIORBDK145560BADK 145560VALIDO HASTA27 08 2025VPRP20LemartDNI NÚM.70286291HIDNIDNIN,"{""country_code"": ""ESPANA"", ""surname"": ""ESPANAMARTASEGUNDO"", ""given_name"": ""PASCUALSEXONACIONALDIDADFESPFECHA"", ""birthday"": ""24 04 1991"", ""issue_date"": null, ""expire_date"": ""27 08 2025"", ""gender"": ""NACIONALDIDADFESPFECHA"", ""second_surname"": ""ROCIONOMBREPASCUALSEXONACIONALDIDADFESPFECHA"", ""card_num"": ""IDESPADEL"", ""personal_num"": ""70286291""}"
esp,generated.photos_v3_0076574.png,DOCUMENTO NACIONAL DE IDENTIDADPRIMER APELLIDOESPANAMANELSEGUNDO APELLidoINESNOMBREALONSOSEXONACIONALDIDADFESPFECHA DE NACIMIENTO20 08 1987IDESPKVD216122HUNTERIALODEL NACIÓNVALIDO HASTA03 09 2025AiP2024panaDNI NÚM.92774157TNIDNIDNDN,"{""country_code"": ""ESPANA"", ""surname"": ""ESPANAMANELSEGUNDO"", ""given_name"": ""ALONSOSEXONACIONALDIDADFESPFECHA"", ""birthday"": ""20 08 1987"", ""issue_date"": null, ""expire_date"": ""03 09 2025"", ""gender"": ""NACIONALDIDADFESPFECHA"", ""second_surname"": ""INESNOMBREALONSOSEXONACIONALDIDADFESPFECHA"", ""card_num"": ""KVD216122HUNTERIALODEL"", ""personal_num"": ""92774157""}"
esp,generated.photos_v3_0072572_0465277_0286005.png,DOCUMENTO NACIONAL DE IDENTIDADPRIMER APELLIDOESPANAMONICASEGUNDO APELLidoSARANOMBRENÚNEZSEXONACIONALDIDADFESPFECHA DE NACIMIENTO06 01 1995IDESPBVD214608HUNTERIALODEL NATIONVALIDO HASTA21 11 20252/6/24jeanesDNI NÚM.10657151ENIDNIDNDN,"{""country_code"": ""ESPANA"", ""surname"": ""ESPANAMONICASEGUNDO"", ""given_name"": ""N"", ""birthday"": ""06 01 1995"", ""issue_date"": null, ""expire_date"": ""21 11 2025"", ""gender"": ""NACIONALDIDADFESPFECHA"", ""second_surname"": ""SARANOMBREN"", ""card_num"": ""BVD214608HUNTERIALODEL"", ""personal_num"": ""10657151""}"
esp,generated.photos_v3_0073835.png,DOCUMENTO NACIONAL DE IDENTIDADPRIMER APELLIDOESPANAESTEBANSEGUNDO APPELLIDOJOSE MARIANOMBREHERNANDEZSEXONACIONALDADMESPFECHA DE NACIMIENTO10 10 1966IDESPCIK723079HUNTERIALOCHL NACIÓNVALIDO HASTA04 02 2028DNI NÚM.75503517DIDNIDNIN,"{""country_code"": ""ESPANA"", ""surname"": ""ESPANAESTEBANSEGUNDO"", ""given_name"": ""HERNANDEZSEXONACIONALDADMESPFECHA"", ""birthday"": ""10 10 1966"", ""issue_date"": null, ""expire_date"": ""04 02 2028"", ""gender"": ""NACIONALDADMESPFECHA"", ""second_surname"": null, ""card_num"": ""CIK723079HUNTERIALOCHL"", ""personal_num"": ""75503517""}"
esp,generated.photos_v3_0076545.png,DOCUMENTO NACIONAL DE IDENTIDADPRIMER APELLIDOESPANACULLENSEGUNDO APELLidoALICIANOMBREEDWARDSEXONACIONALDIDADFESPFECHA DE NACIMIENTO21 12 1986IDESPSEU382704HUNTERIALODEL NATIONVALIDO HASTA27 08 2027LogemaDNI NÚM.66268841ANIDNIDNDN,"{""country_code"": ""ESPANA"", ""surname"": ""ESPANACULLENSEGUNDO"", ""given_name"": ""EDWARDSEXONACIONALDIDADFESPFECHA"", ""birthday"": ""21 12 1986"", ""issue_date"": null, ""expire_date"": ""27 08 2027"", ""gender"": ""NACIONALDIDADFESPFECHA"", ""second_surname"": ""ALICIANOMBREEDWARDSEXONACIONALDIDADFESPFECHA"", ""card_num"": ""SEU382704HUNTERIALODEL"", ""personal_num"": ""66268841""}"
esp,generated.photos_v3_0072572_0465277_0983383.png,DOCUMENTO NACIONAL DE IDENTIDADPRIMER APELLIDOESPANACESARSEGUNDO APELLIIDORAQUELNOMBREDELGADOSEXONACIONALDADFESPFECHA DE NACIMIENTO30 07 1996IDESPJDF503442HUNTERIALODEL NATIONVALIDO HASTA07 11 2025ARO1legalDNI NÚM.91680033ENIDNIDNDN,"{""country_code"": ""ESPANA"", ""surname"": ""ESPANACESARSEGUNDO"", ""given_name"": ""DELGADOSEXONACIONALDADFESPFECHA"", ""birthday"": ""30 07 1996"", ""issue_date"": null, ""expire_date"": ""07 11 2025"", ""gender"": ""NACIONALDADFESPFECHA"", ""second_surname"": null, ""card_num"": ""JDF503442HUNTERIALODEL"", ""personal_num"": ""91680033""}"
esp,generated.photos_v3_0076150.png,DOCUMENTO NACIONAL DE IDENTIDADPRIMER APELLIDOESPANAMARIA JOSESEGUNDO APELLidoPATRICIANOMBRERIVASSEXONACIONALDIDADFESPFECHA DE NACIMIENTO04 10 1994IDESPWIL7777695HUNTERIALODEL NATIONVALIDO HASTA16 04 20268/bp24/1mmariaDNI NÚM.83994199ENIDNIDNDN,"{""country_code"": ""ESPANA"", ""surname"": ""ESPANAMARIA"", ""given_name"": ""RIVASSEXONACIONALDIDADFESPFECHA"", ""birthday"": ""04 10 1994"", ""issue_date"": null, ""expire_date"": ""16 04 2026"", ""gender"": ""NACIONALDIDADFESPFECHA"", ""second_surname"": ""PATRICIANOMBRERIVASSEXONACIONALDIDADFESPFECHA"", ""card_num"": ""WIL7777695HUNTERIALODEL"", ""personal_num"": ""83994199""}"
esp,generated.photos_v3_0071948.png,DOCUMENTO NACIONAL DE IDENTIDADPRIMER APELLIDOESPANAMARTASEGUNDO APELLIIDOMARIA TERESANOMBREMORALESSEXONACIONALDIDADFESPFECHA DE NACIMIENTO10 01 1996IDESPVNF290776HUNTERIDODEL NACIÓNVALIDO HASTA30 09 202730/BA AqR4LmmartDNI NÚM.754175981NIDNIDDN,"{""country_code"": ""ESPANA"", ""surname"": ""ESPANAMARTASEGUNDO"", ""given_name"": ""MORALESSEXONACIONALDIDADFESPFECHA"", ""birthday"": ""10 01 1996"", ""issue_date"": null, ""expire_date"": ""30 09 2027"", ""gender"": ""NACIONALDIDADFESPFECHA"", ""second_surname"": null, ""card_num"": ""VNF290776HUNTERIDODEL"", ""personal_num"": ""754175981""}"
esp,generated.photos_v3_0076134_0766168_0960582.png,DOCUMENTO NACIONAL DE IDENTIDADPRIMER APELLIDOESPANAISABELSEGUNDO APELLidoFRANCISCONOMBREORDÓNEZSEXONACIONALDIDADMESPFECHA DE NACIIMIENTO14 07 1990IDESPGJM140931HUNTERIALOCHL NACIMIÓNVALIDO HASTA11 05 2025AFF P0221radnDNI NÚM.927637600NIDNIDNDN,"{""country_code"": ""ESPANA"", ""surname"": ""ESPANAISABELSEGUNDO"", ""given_name"": ""ORD"", ""birthday"": null, ""issue_date"": null, ""expire_date"": ""11 05 2025"", ""gender"": ""NACIONALDIDADMESPFECHA"", ""second_surname"": ""FRANCISCONOMBREORD"", ""card_num"": ""GJM140931HUNTERIALOCHL"", ""personal_num"": ""927637600""}"
esp,generated.photos_v3_0072572_0465277_0392561.png,DOCUMENTO NACIONAL DE IDENTIDADPRIMER APELLIDOESPANAANASEGUNDO APELLIIDOLUCIANOMBREMARTINSEXONACIONALDIDADFESPFECHA DE NACIMIENTO17 08 1992IDESPYDB131795HUNTERIDODEL INTERIORVALIDO HASTA29 04 2025R10 A21laraguDNI NÚM.68493407WNIDNIDNDN,"{""country_code"": ""ESPANA"", ""surname"": ""ESPANAANASEGUNDO"", ""given_name"": ""MARTINSEXONACIONALDIDADFESPFECHA"", ""birthday"": ""17 08 1992"", ""issue_date"": null, ""expire_date"": ""29 04 2025"", ""gender"": ""NACIONALDIDADFESPFECHA"", ""second_surname"": null, ""card_num"": ""YDB131795HUNTERIDODEL"", ""personal_num"": ""68493407""}"
esp,generated.photos_v3_0072572_0465277_0798746.png,DOCUMENTO NACIONAL DE IDENTIDADPRIMER APELLIDOESPANAANDREASEGUNDO APELLIIDOLUCIANOMBREPEREZSEXONACIONALDIDADFESPFECHA DE NACIMIENTO14 07 1992IDESPXVM130286HUNTERIDODEL NATIONVALIDO HASTA04 08 20272 12 021IgcrisDNI NÚM.46552783RNIDNIDNDN,"{""country_code"": ""ESPANA"", ""surname"": ""ESPANAANDREASEGUNDO"", ""given_name"": ""PEREZSEXONACIONALDIDADFESPFECHA"", ""birthday"": ""14 07 1992"", ""issue_date"": null, ""expire_date"": ""04 08 2027"", ""gender"": ""NACIONALDIDADFESPFECHA"", ""second_surname"": null, ""card_num"": ""XVM130286HUNTERIDODEL"", ""personal_num"": ""46552783""}"
esp,generated.photos_v3_0075411.png,DOCUMENTO NACIONAL DE IDENTIDADPRIMER APELLIDOESPANAFERNANDOSEGUNDO APELLidoMANELNOMBRERODRIGUEZSEXONACIONALDADMESPFECHA DE NACIMIENTO17 08 1987IDESPFLE076104HUNTERIALODEL INTERIÓNVALIDO HASTA29 10 2028F NOHR3OrfernDNI NÚM.090880302QIDNIDNINIDN,"{""country_code"": ""ESPANA"", ""surname"": ""ESPANAFERNANDOSEGUNDO"", ""given_name"": ""RODRIGUEZSEXONACIONALDADMESPFECHA"", ""birthday"": ""17 08 1987"", ""issue_date"": null, ""expire_date"": ""29 10 2028"", ""gender"": ""NACIONALDADMESPFECHA"", ""second_surname"": ""MANELNOMBRERODRIGUEZSEXONACIONALDADMESPFECHA"", ""card_num"": ""FLE076104HUNTERIALODEL"", ""personal_num"": ""090880302""}"
esp,generated.photos_v3_0075573_0131493_0997184.png,DOCUMENTO NACIONAL DE IDENTIDADPRIMER APELLIDOESPANAFERNANDOSEGUNDO APELLidoVICENTENOMBRETORRESSEXONACIONALDIDADMESPFECHA DE NACIMIENTO21 08 2003IDESPTLO180399HUNTERIALODEL NACIÓNVALIDO HASTA01 08 2026DNI NÚM.77020412GDNIDNIDNDN,"{""country_code"": ""ESPANA"", ""surname"": ""ESPANAFERNANDOSEGUNDO"", ""given_name"": ""TORRESSEXONACIONALDIDADMESPFECHA"", ""birthday"": ""21 08 2003"", ""issue_date"": null, ""expire_date"": ""01 08 2026"", ""gender"": ""NACIONALDIDADMESPFECHA"", ""second_surname"": ""VICENTENOMBRETORRESSEXONACIONALDIDADMESPFECHA"", ""card_num"": ""TLO180399HUNTERIALODEL"", ""personal_num"": ""77020412""}"
esp,generated.photos_v3_0075852.png,DOCUMENTO NACIONAL DE IDENTIDADPRIMER APELLIDOESPANAJUANSEGUNDO APELLidoANGELNOMBRERODRIGUEZSEXONACIONALDADMESPFECHA DE NACIMIENTO30 08 1990IDESPKTB 132588HUNTERIALODEL INTERIORVALIDO HASTA12 12 202613 AR21BijuanDNI NÚM.5609952550IDNIDNIN,"{""country_code"": ""ESPANA"", ""surname"": ""ESPANAJUANSEGUNDO"", ""given_name"": ""RODRIGUEZSEXONACIONALDADMESPFECHA"", ""birthday"": ""30 08 1990"", ""issue_date"": null, ""expire_date"": ""12 12 2026"", ""gender"": ""NACIONALDADMESPFECHA"", ""second_surname"": ""ANGELNOMBRERODRIGUEZSEXONACIONALDADMESPFECHA"", ""card_num"": ""KTB"", ""personal_num"": ""5609952550""}"
esp,generated.photos_v3_0071514.png,DOCUMENTO NACIONAL DE IDENTIDADPRIMER APELLIDOESPANACARLOSSEGUNDO APELLidoJOSE ANTONIONOMBREMORENOSEXONACIONALDIDADMESPFECHA DE NACIMIENTO23 05 1998IDESPKKC446066HUNTERIALODEL NATIONVALIDO HASTA13 03 20253.03 AOPPOmcarDNI NÚM.59584768CIDNIDNIN,"{""country_code"": ""ESPANA"", ""surname"": ""ESPANACARLOSSEGUNDO"", ""given_name"": ""MORENOSEXONACIONALDIDADMESPFECHA"", ""birthday"": ""23 05 1998"", ""issue_date"": null, ""expire_date"": ""13 03 2025"", ""gender"": ""NACIONALDIDADMESPFECHA"", ""second_surname"": ""JOSE"", ""card_num"": ""KKC446066HUNTERIALODEL"", ""personal_num"": ""59584768""}"
esp,generated.photos_v3_0073013.png,DOCUMENTO NACIONAL DE IDENTIDADPRIMER APELLIDOESPANAMARIA VICTORIASEGUNDO APELLidoSILVIANOMBREJIMENEZSEXONACIONALDIDADFESPFECHA DE NACIMIENTO16 09 2001IDESPKTS923986HUNTERIALODEL INTERIORVALIDO HASTA15 12 2025MISP21LpmariDNI NÚM.25607168TNIDNIDNDN,"{""country_code"": ""ESPANA"", ""surname"": ""ESPANAMARIA"", ""given_name"": ""JIMENEZSEXONACIONALDIDADFESPFECHA"", ""birthday"": ""16 09 2001"", ""issue_date"": null, ""expire_date"": ""15 12 2025"", ""gender"": ""NACIONALDIDADFESPFECHA"", ""second_surname"": ""SILVIANOMBREJIMENEZSEXONACIONALDIDADFESPFECHA"", ""card_num"": ""KTS923986HUNTERIALODEL"", ""personal_num"": ""25607168""}"
esp,generated.photos_v3_0073462.png,DOCUMENTO NACIONAL DE IDENTIDADPRIMER APELLIDOESPANASARASEGUNDO APELLIIDOCAROLINANOMBREORTIZSEXONACIONALDIDADFESPFECHA DE NACIMIENTO31 07 1997IDESPZBG170461HUNTERIALOCHL NATIONVALIDO HASTA04 10 2026S 0.021esaraDNI NÚM.32424400YIDNIDNINIDN,"{""country_code"": ""ESPANA"", ""surname"": ""ESPANASARASEGUNDO"", ""given_name"": ""ORTIZSEXONACIONALDIDADFESPFECHA"", ""birthday"": ""31 07 1997"", ""issue_date"": null, ""expire_date"": ""04 10 2026"", ""gender"": ""NACIONALDIDADFESPFECHA"", ""second_surname"": null, ""card_num"": ""ZBG170461HUNTERIALOCHL"", ""personal_num"": ""32424400""}"
esp,generated.photos_v3_0072616.png,DOCUMENTO NACIONAL DE IDENTIDADPRIMER APELLIDOESPANAVANESASEGUNDO APELLidoADRIANNOMBREALONSOSEXONACIONALDIDADMESPFECHA DE NACIMIENTO30 01 1992IDESPDSB525528HUNTERIALODEL NATIONVALIDO HASTA22 05 2026AÑO21gfrancDNI NÚM.NIDNIDNDNIDNO54820270E,"{""country_code"": ""ESPANA"", ""surname"": ""ESPANAVANESASEGUNDO"", ""given_name"": ""ALONSOSEXONACIONALDIDADMESPFECHA"", ""birthday"": ""30 01 1992"", ""issue_date"": null, ""expire_date"": ""22 05 2026"", ""gender"": ""NACIONALDIDADMESPFECHA"", ""second_surname"": ""ADRIANNOMBREALONSOSEXONACIONALDIDADMESPFECHA"", ""card_num"": ""DSB525528HUNTERIALODEL"", ""personal_num"": ""54820270""}"
esp,generated.photos_v3_0072351.png,DOCUMENTO NACIONAL DE IDENTIDADPRIMER APELLIDOESPANAMARIA TERESASEGUNDO APELLidoMERCEDESNOMBRETORRESSEXONACIONALDIDADFESPFECHA DE NACIMIENTO12 04 1992IDESPCXB8448887HUNTERIALODEL NACIÓNVALIDO HASTA07 05 2028DNI NÓM.646660360XIDNIDNINIDN,"{""country_code"": ""ESPANA"", ""surname"": ""ESPANAMARIA"", ""given_name"": ""TORRESSEXONACIONALDIDADFESPFECHA"", ""birthday"": ""12 04 1992"", ""issue_date"": null, ""expire_date"": ""07 05 2028"", ""gender"": ""NACIONALDIDADFESPFECHA"", ""second_surname"": ""MERCEDESNOMBRETORRESSEXONACIONALDIDADFESPFECHA"", ""card_num"": ""CXB8448887HUNTERIALODEL"", ""personal_num"": null}"
esp,generated.photos_v3_0076134_0766168_0216505.png,DOCUMENTO NACIONAL DE IDENTIDADPRIMER APELLIDOESPANACULLENSEGUNDO APELLidoSERGIONOMBREEDWARDSEXONACIONALDIDADMESPFECHA DE NACIMIENTO07 10 1997IDESPDQO256599HUNTERIDODEL NACIÓNVALIDO HASTA15 05 20253.1022ccarloDNI NÚM.405084320NIDNIDNDN,"{""country_code"": ""ESPANA"", ""surname"": ""ESPANACULLENSEGUNDO"", ""given_name"": ""EDWARDSEXONACIONALDIDADMESPFECHA"", ""birthday"": ""07 10 1997"", ""issue_date"": null, ""expire_date"": ""15 05 2025"", ""gender"": ""NACIONALDIDADMESPFECHA"", ""second_surname"": ""SERGIONOMBREEDWARDSEXONACIONALDIDADMESPFECHA"", ""card_num"": ""DQO256599HUNTERIDODEL"", ""personal_num"": ""405084320""}"
esp,generated.photos_v3_0076105.png,DOCUMENTO NACIONAL DE IDENTIDADPRIMER APELLIDOESPANAJOSE ANTONIOSEGUNDO APELLIIDOXAVIERNOMBREPACHECOSEXONACIONALDIDADMESPFECHA DE NACIMIENTO14 07 1999IDESPKWS6004442HUNTERIALODEL NATIONVALIDO HASTA16 05 2026QXR22niavDNI NÚM.638694979BNIDNIDNDNIDNN,"{""country_code"": ""ESPANA"", ""surname"": ""ESPANAJOSE"", ""given_name"": ""PACHECOSEXONACIONALDIDADMESPFECHA"", ""birthday"": ""14 07 1999"", ""issue_date"": null, ""expire_date"": ""16 05 2026"", ""gender"": ""NACIONALDIDADMESPFECHA"", ""second_surname"": null, ""card_num"": ""KWS6004442HUNTERIALODEL"", ""personal_num"": ""638694979""}"
esp,generated.photos_v3_0075573_0131493_0131040.png,DOCUMENTO NACIONAL DE IDENTIDADPRIMER APELLIDOESPANAMIGUELSEGUNDO APELLidoANGELNOMBREMOLINASEXONACIONALDIDADMESPFECHA DE NACIMIENTO22 02 2000IDESPHGG180409HUNTERIALODEL NACIÓNVALIDO HASTA07 03 2029LmiguDNI NÚM.958737796RIDNIDNINIDN,"{""country_code"": ""ESPANA"", ""surname"": ""ESPANAMIGUELSEGUNDO"", ""given_name"": ""MOLINASEXONACIONALDIDADMESPFECHA"", ""birthday"": ""22 02 2000"", ""issue_date"": null, ""expire_date"": ""07 03 2029"", ""gender"": ""NACIONALDIDADMESPFECHA"", ""second_surname"": ""ANGELNOMBREMOLINASEXONACIONALDIDADMESPFECHA"", ""card_num"": ""HGG180409HUNTERIALODEL"", ""personal_num"": ""958737796""}"
esp,generated.photos_v3_0076134_0766168_0496271.png,DOCUMENTO NACIONAL DE IDENTIDADPRIMER APELLIDOESPANAALVAROSEGUNDO APELLidoESTEBANNOMBREDIAZSEXONACIONALDIDADMESPFECHA DE NACIMIENTO27 01 1994IDESPYUV335369HUNTERIALODEL NACIÓNVALIDO HASTA29 07 2026AE$21LgalkeDNI NÚM.36120765WNIDNIDNDN,"{""country_code"": ""ESPANA"", ""surname"": ""ESPANAALVAROSEGUNDO"", ""given_name"": ""DIAZSEXONACIONALDIDADMESPFECHA"", ""birthday"": ""27 01 1994"", ""issue_date"": null, ""expire_date"": ""29 07 2026"", ""gender"": ""NACIONALDIDADMESPFECHA"", ""second_surname"": ""ESTEBANNOMBREDIAZSEXONACIONALDIDADMESPFECHA"", ""card_num"": ""YUV335369HUNTERIALODEL"", ""personal_num"": ""36120765""}"
esp,generated.photos_v3_0072774.png,DOCUMENTO NACIONAL DE IDENTIDADPRIMER APELLIDOESPANADOESEGUNDO APELLidoMARTANOMBREJOHNSEXONACIONALDIDADFESPFECHA DE NACIMIENTO30 09 1989IDESPIYZ887633HUNTERIALODEL NATIONVALIDO HASTA26 03 20291NOB2222LpisabDNI NÚM.51718238FNIDNIDNDN,"{""country_code"": ""ESPANA"", ""surname"": ""ESPANADOESEGUNDO"", ""given_name"": ""JOHNSEXONACIONALDIDADFESPFECHA"", ""birthday"": ""30 09 1989"", ""issue_date"": null, ""expire_date"": ""26 03 2029"", ""gender"": ""NACIONALDIDADFESPFECHA"", ""second_surname"": ""MARTANOMBREJOHNSEXONACIONALDIDADFESPFECHA"", ""card_num"": ""IYZ887633HUNTERIALODEL"", ""personal_num"": ""51718238""}"
esp,generated.photos_v3_0071371.png,DOCUMENTO NACIONAL DE IDENTIDADPRIMER APELLIDOESPANACRISTINASEGUNDO APELLIIDOMERCEDESNOMBREMONTEROSEXONACIONALDIDADFESPFECHA DE NACIMIENTO02 04 2001IDESPSGV443063HUNTERIDODEL NACIÓNVALIDO HASTA29 07 2025ImcrisDNI NÚM.1801522QDNIDNIDDN,"{""country_code"": ""ESPANA"", ""surname"": ""ESPANACRISTINASEGUNDO"", ""given_name"": ""MONTEROSEXONACIONALDIDADFESPFECHA"", ""birthday"": ""02 04 2001"", ""issue_date"": null, ""expire_date"": ""29 07 2025"", ""gender"": ""NACIONALDIDADFESPFECHA"", ""second_surname"": null, ""card_num"": ""SGV443063HUNTERIDODEL"", ""personal_num"": ""1801522""}"
esp,generated.photos_v3_0072705.png,DOCUMENTO NACIONAL DE IDENTIDADPRIMER APELLIDOESPANAESTHERSEGUNDO APELLidoLIDIANOMBRECARRILLOSEXONACIONALLIDADFESPFECHA DE NACIMIENTO24 04 1999IDESPIUM742273HUNTERIALODEL INTERIÓNVALIDO HASTA31 08 20295de v023PecareDNI NÚM.48291719LNIDNIDNDN,"{""country_code"": ""ESPANA"", ""surname"": ""ESPANAESTHERSEGUNDO"", ""given_name"": ""CARRILLOSEXONACIONALLIDADFESPFECHA"", ""birthday"": ""24 04 1999"", ""issue_date"": null, ""expire_date"": ""31 08 2029"", ""gender"": ""NACIONALLIDADFESPFECHA"", ""second_surname"": ""LIDIANOMBRECARRILLOSEXONACIONALLIDADFESPFECHA"", ""card_num"": ""IUM742273HUNTERIALODEL"", ""personal_num"": ""48291719""}"
esp,generated.photos_v3_0074408.png,DOCUMENTO NACIONAL DE IDENTIDADPRIMER APELLIDOESPANAALICIASEGUNDO APELLidoNURIANOMBREMARTINEZSEXONACIONALDADFESPFECHA DE NACIMIENTO06 11 1992IDESPFPSY5887143HUNTERIALODEL NATIONVALIDO HASTA25 08 2025maliciDNI NÚM.679646461RDNIDNIDM,"{""country_code"": ""ESPANA"", ""surname"": ""ESPANAALICIASEGUNDO"", ""given_name"": ""MARTINEZSEXONACIONALDADFESPFECHA"", ""birthday"": ""06 11 1992"", ""issue_date"": null, ""expire_date"": ""25 08 2025"", ""gender"": ""NACIONALDADFESPFECHA"", ""second_surname"": ""NURIANOMBREMARTINEZSEXONACIONALDADFESPFECHA"", ""card_num"": ""FPSY5887143HUNTERIALODEL"", ""personal_num"": ""679646461""}"
esp,generated.photos_v3_0076533.png,DOCUMENTO NACIONAL DE IDENTIDADPRIMER APELLIDOESPANASERGIOSEGUNDO APELLidoSARANOMBRETORRESSEXONACIONALDIDADFESPFECHA DE NACIMIENTO19 09 1996IDESPNCH60202014HUNTERIALODEL NACIÓNVALIDO HASTA06 12 2028MISPRLmariDNI NÚM.92874370TNIDNIDNDN,"{""country_code"": ""ESPANA"", ""surname"": ""ESPANASERGIOSEGUNDO"", ""given_name"": ""TORRESSEXONACIONALDIDADFESPFECHA"", ""birthday"": ""19 09 1996"", ""issue_date"": null, ""expire_date"": ""06 12 2028"", ""gender"": ""NACIONALDIDADFESPFECHA"", ""second_surname"": ""SARANOMBRETORRESSEXONACIONALDIDADFESPFECHA"", ""card_num"": ""NCH60202014HUNTERIALODEL"", ""personal_num"": ""92874370""}"
esp,generated.photos_v3_0074191.png,DOCUMENTO NACIONAL DE IDENTIDADPRIMER APELLIDOESPANANOEMISEGUNDO APELLidoRAQUELNOMBRERODRIGUEZSEXONACIONADIDADFESPFECHA DE NACIMIENTO05 06 1990IDESPZEQ025277HUNTERIALODEL INTERIÓNVALIDO HASTA30 12 2029NIRR4IrnoemDNI NÚM.95407512TIDNIDNINIDN,"{""country_code"": ""ESPANA"", ""surname"": ""ESPANANOEMISEGUNDO"", ""given_name"": ""RODRIGUEZSEXONACIONADIDADFESPFECHA"", ""birthday"": ""05 06 1990"", ""issue_date"": null, ""expire_date"": ""30 12 2029"", ""gender"": ""NACIONADIDADFESPFECHA"", ""second_surname"": ""RAQUELNOMBRERODRIGUEZSEXONACIONADIDADFESPFECHA"", ""card_num"": ""ZEQ025277HUNTERIALODEL"", ""personal_num"": ""95407512""}"
esp,generated.photos_v3_0075963.png,DOCUMENTO NACIONAL DE IDENTIDADPRIMER APELLIDOESPANAPATRICIASEGUNDO APELLidoMARIA PILARNOMBRERAMIREZSEXONACIONIALIDADFESPFECHA DE NACIMIENTO14 07 2000IDESPYFV 545483HUNTERIALODEL INTERIORVALIDO HASTA03 01 2028POVR3LypatrDNI NÚM.74028638PIDNIDNIN,"{""country_code"": ""ESPANA"", ""surname"": ""ESPANAPATRICIASEGUNDO"", ""given_name"": ""RAMIREZSEXONACIONIALIDADFESPFECHA"", ""birthday"": ""14 07 2000"", ""issue_date"": null, ""expire_date"": ""03 01 2028"", ""gender"": ""NACIONIALIDADFESPFECHA"", ""second_surname"": ""MARIA"", ""card_num"": ""YFV"", ""personal_num"": ""74028638""}"
esp,generated.photos_v3_0076134_0766168_0075487.png,DOCUMENTO NACIONAL DE IDENTIDADPRIMER APELLIDOESPANAGRANGERSEGUNDO APELLidoMARIONOMBREHERMIONESEXONACIONALDADMESPFECHA DE NACIMIENTO14 10 1997IDESPKNH918302HUNTERIALODEL NACIÓNVALIDO HASTA03 09 2027LfesteDNI NÚM.2053391022NIDNIDNDN,"{""country_code"": ""ESPANA"", ""surname"": ""ESPANAGRANGERSEGUNDO"", ""given_name"": ""HERMIONESEXONACIONALDADMESPFECHA"", ""birthday"": ""14 10 1997"", ""issue_date"": null, ""expire_date"": ""03 09 2027"", ""gender"": ""NACIONALDADMESPFECHA"", ""second_surname"": ""MARIONOMBREHERMIONESEXONACIONALDADMESPFECHA"", ""card_num"": ""KNH918302HUNTERIALODEL"", ""personal_num"": ""2053391022""}"
esp,generated.photos_v3_0075936.png,DOCUMENTO NACIONAL DE IDENTIDADPRIMER APELLIDOESPANANURIASEGUNDO APELLidoMARIA DOLORESNOMBREHERRERASEXONACIONALDIDADFESPFECHA DE NACIMIENTO16 12 1997IDESPQSK768196HUNTERIALODEL NACIÓNVALIDO HASTA08 03 2027InnurriDNI NÚM.06691326VIDNIDNINIDN,"{""country_code"": ""ESPANA"", ""surname"": ""ESPANANURIASEGUNDO"", ""given_name"": ""HERRERASEXONACIONALDIDADFESPFECHA"", ""birthday"": ""16 12 1997"", ""issue_date"": null, ""expire_date"": ""08 03 2027"", ""gender"": ""NACIONALDIDADFESPFECHA"", ""second_surname"": ""MARIA"", ""card_num"": ""QSK768196HUNTERIALODEL"", ""personal_num"": ""06691326""}"
esp,generated.photos_v3_0074463.png,DOCUMENTO NACIONAL DE IDENTIDADPRIMER APELLIDOESPANAMANELSEGUNDO APELLidoMIGUELNOMBREVICENTESEXONACIONALDIDADMESPFECHA DE NACIMIENTO22 06 1997IDESPGUG702566HUNTERIDODEL INTERIORVALIDO HASTA12 11 202912/1/A 2084TuraneDNI NÜM.42253336QDNIDNIDNDN,"{""country_code"": ""ESPANA"", ""surname"": ""ESPANAMANELSEGUNDO"", ""given_name"": ""VICENTESEXONACIONALDIDADMESPFECHA"", ""birthday"": ""22 06 1997"", ""issue_date"": null, ""expire_date"": ""12 11 2029"", ""gender"": ""NACIONALDIDADMESPFECHA"", ""second_surname"": ""MIGUELNOMBREVICENTESEXONACIONALDIDADMESPFECHA"", ""card_num"": ""GUG702566HUNTERIDODEL"", ""personal_num"": null}"
esp,generated.photos_v3_0071494.png,DOCUMENTO NACIONAL DE IDENTIDADPRIMER APELLIDOESPANAIRENESEGUNDO APELLidoELENANOMBRECALDERONSEXONACIONALDADFESPFECHA DE NACIMIENTO13 11 1988IDESPEJU316519HUNTERIDOEL NACIÓNVALIDO HASTA11 12 20261E2021cireneDNI NÚM.702496890AIDNIDNIN,"{""country_code"": ""ESPANA"", ""surname"": ""ESPANAIRENESEGUNDO"", ""given_name"": ""CALDERONSEXONACIONALDADFESPFECHA"", ""birthday"": ""13 11 1988"", ""issue_date"": null, ""expire_date"": ""11 12 2026"", ""gender"": ""NACIONALDADFESPFECHA"", ""second_surname"": ""ELENANOMBRECALDERONSEXONACIONALDADFESPFECHA"", ""card_num"": ""EJU316519HUNTERIDOEL"", ""personal_num"": ""702496890""}"
est,generated.photos_v3_0080023.png,EESTIVABARIIK ISIKUTUNNISTUSREPUBLIC OF ESTONIA IDENTITY CARDPERKEKONNANIMI / SURNAMEHELENAEESNIMED/ GIVEN NAMESTALVIKSUGU/N/FSEXESTKODAKONDUS/CITIZENSHIPESTXT3302259SUNNAEGIDATE OF BIRTH02.07.1993ISIKUKOOD/PERSONAL CODE INGT94961350242DOKUMENDI NUMBER/DOCUMENT NUMBERXT3302259ItheleXT330229KEHTIV KUNI/ DATE OF EXPIRY29.12.2033KASUTAJA ALLKIRI / HOLDER'S SIGNATURE,"{""type"": ""ISIKUTUNNISTUS"", ""country_code"": ""EESTI"", ""country"": ""ESTONIA"", ""surname"": ""HELENAEESNIMED"", ""given_name"": ""STALVIKSUGU"", ""birthday"": ""02.07.1993"", ""gender"": null, ""issue_date"": null, ""expire_date"": ""29.12.2033"", ""place_of_birth"": null, ""issue_authority"": null, ""personal_num"": ""INGT94961350242DOKUMENDI"", ""card_num"": ""XT3302259ItheleXT330229KEHTIV""}"
est,generated.photos_v3_0079893.png,EESTIVABARIIK ISIKUTUNNISTUSREPUBLIC OF ESTONIA IDENTITY CARDPERKEKONNANIMI / SURNAMESIIMEESNIMED/ GIVEN NAMESPÄRNSUGU/M/MSEXESTKODAKONDUS/CITIZENSHIPESTCW57111460SUNNAEGI/DATE OF BIRTH31.01.1995ISIKUKOOD/PERSONAL CODE UNGT592895373580DOKUMENDI NUMBER/DOCUMENT NUMBERCW5711460PpsiumCW5711460KEHTIV KUNI/ DATE OF EXPIRY29.08.2030KASUTAJA ALLKIRI / HOLDER'S SIGNATURE,"{""type"": ""ISIKUTUNNISTUS"", ""country_code"": ""EESTI"", ""country"": ""ESTONIA"", ""surname"": ""SIIMEESNIMED"", ""given_name"": ""SP"", ""birthday"": ""31.01.1995"", ""gender"": null, ""issue_date"": null, ""expire_date"": ""29.08.2030"", ""place_of_birth"": null, ""issue_authority"": null, ""personal_num"": ""UNGT592895373580DOKUMENDI"", ""card_num"": ""CW5711460PpsiumCW5711460KEHTIV""}"
est,generated.photos_v3_0081354.png,EESTIVABARIIK ISIKUTUNNISTUSREPUBLIC OF ESTONIA IDENTITY CARDPERKEKONNAMIMI / SURNAMEMARIKAEESNIMED/ GIVEN NAMESKUKKSUGU/SEXN/FESTKODAKONDSUS/CITIZENSHIPESTES3839263SUNNAEGI/DATE OF BIRTH15.12.1983ISIKUKOOD/PERSONAL CODE INGT 98882886618DOKUMENDI NUMBER/DOCUMENT NUMBERES38339263IkmariES38390263KEHTIV KUNI/ DATE OF EXPIRY27.09.2030KASUTAJA ALLKIRI / HOLDER'S SIGNATURE,"{""type"": ""ISIKUTUNNISTUS"", ""country_code"": ""EESTI"", ""country"": ""ESTONIA"", ""surname"": ""MARIKAEESNIMED"", ""given_name"": ""SKUKKSUGU"", ""birthday"": ""15.12.1983"", ""gender"": null, ""issue_date"": null, ""expire_date"": ""27.09.2030"", ""place_of_birth"": null, ""issue_authority"": null, ""personal_num"": ""INGT"", ""card_num"": ""ES38339263IkmariES38390263KEHTIV""}"
est,generated.photos_v3_0079468.png,EESTIVABARIIK ISIKUTUNNISTUSREPUBLIC OF ESTONIA IDENTITY CARDPERKEKONNANIMI / SURNAMEMALLEEESNIMED/ GIVEN NAMESKANGURSUGU/SEXN/FESTKODAKONDUS/CITIZENSHIPESTC08886057SUNNAEGIDATE OF BIRTH29.01.1992ISIKUKOOD/PERSONAL CODE INGT772627977489DOKUMENDI NUMBER/DOCUMENT NUMBERCO888057kmalleCO8886057KEHTIV KUNI/ DATE OF EXPIRY08.06.2033KASUTAJA ALLKIRI / HOLDER'S SIGNATURE,"{""type"": ""ISIKUTUNNISTUS"", ""country_code"": ""EESTI"", ""country"": ""ESTONIA"", ""surname"": ""MALLEEESNIMED"", ""given_name"": ""SKANGURSUGU"", ""birthday"": ""29.01.1992"", ""gender"": null, ""issue_date"": null, ""expire_date"": ""08.06.2033"", ""place_of_birth"": null, ""issue_authority"": null, ""personal_num"": ""INGT772627977489DOKUMENDI"", ""card_num"": ""CO888057kmalleCO8886057KEHTIV""}"
est,generated.photos_v3_0076851.png,EESTIVABARIIK ISIKUTUNNISTUSREPUBLIC OF ESTONIA IDENTITY CARDPERKEKONNAMIMI / SURNAMEGRETEEESNIMED/ GIVEN NAMESKOPPELSUGU/N/FSEXESTKODAKONDUSU/CITIZENSHIPESTEG23639993SUNNAEGI/DATE OF BIRTH22.10.2003ISIKUKOOD/PERSONAL CODE INGT 25974316606DOKUMENDI NUMBER/DOCUMENT NUMBEREG2363993EG2369993KEHTIV KUNI/ DATE OF EXPIRY10.10:2030KASUTAJA ALLKIRI / HOLDER'S SIGNATURE,"{""type"": ""ISIKUTUNNISTUS"", ""country_code"": ""EESTI"", ""country"": ""ESTONIA"", ""surname"": ""GRETEEESNIMED"", ""given_name"": ""SKOPPELSUGU"", ""birthday"": ""22.10.2003"", ""gender"": null, ""issue_date"": null, ""expire_date"": null, ""place_of_birth"": null, ""issue_authority"": null, ""personal_num"": ""INGT"", ""card_num"": ""EG2363993EG2369993KEHTIV""}"
est,generated.photos_v3_0079031.png,EESTIVABARIIK ISIKUTUNNISTUSREPUBLIC OF ESTONIA IDENTITY CARDPERKEKONNAMIMI / SURNAMEANDRESEESNIMED / GIVEN NAMESNURKSUGU/M/MSEXESTKODAKONDUSU/CITIZENSHIPESTCNT5477526SUNNAEGI/DATE OF BIRTH07.05.2000ISIKUKOOD/PERSONAL CODE INGT 24245207275DOKUMENDI NUMBER/DOCUMENT NUMBERCNT7547526IallaCN75475 26KEHTIV KUNI/ DATE OF EXPIRY15.11.2033KASUTAJA ALLKIRI / HOLDER'S SIGNATURE,"{""type"": ""ISIKUTUNNISTUS"", ""country_code"": ""EESTI"", ""country"": ""ESTONIA"", ""surname"": ""ANDRESEESNIMED"", ""given_name"": ""SNURKSUGU"", ""birthday"": ""07.05.2000"", ""gender"": null, ""issue_date"": null, ""expire_date"": ""15.11.2033"", ""place_of_birth"": null, ""issue_authority"": null, ""personal_num"": ""INGT"", ""card_num"": ""CNT7547526IallaCN75475""}"
est,generated.photos_v3_0077334.png,EESTIVABARIIK ISIKUTUNNISTUSREPUBLIC OF ESTONIA IDENTITY CARDPERKEKONNANIMI / SURNAMEANUEESNIMED/ GIVEN NAMESTÖNISSONSUGU/N/FSEXESTKODAKONDSUS/CITIZENSHIPESTNZ41188022SUNNAEGI/DATE OF BIRTH21.03.1998ISIKUKOOD /PERSONAL CODE UNGT590448270510DOKUMENDI NUMBER/DOCUMENT NUMBERNZ4118022ItanNZ411022KEHTIV KUNI/ DATE OF EXPIRY19.02.2030KASUTAJA ALLKIRI / HOLDER'S SIGNATURE,"{""type"": ""ISIKUTUNNISTUS"", ""country_code"": ""EESTI"", ""country"": ""ESTONIA"", ""surname"": ""ANUEESNIMED"", ""given_name"": ""ST"", ""birthday"": ""21.03.1998"", ""gender"": null, ""issue_date"": null, ""expire_date"": ""19.02.2030"", ""place_of_birth"": null, ""issue_authority"": null, ""personal_num"": ""UNGT590448270510DOKUMENDI"", ""card_num"": ""NZ4118022ItanNZ411022KEHTIV""}"
est,generated.photos_v3_0080116.png,EESTIVABARIIK ISIKUTUNNISTUSREPUBLIC OF ESTONIA IDENTITY CARDPERKEKONNAMIMI / SURNAMEKRISTOEESNIMED/ GIVEN NAMESSEPPSUGU/M/MSEXESTKODAKONDUS/CITIZENSHIPESTSA7941870SUNNAEGIDATE OF BIRTH12.05.2004ISIKUKOOD/PERSONAL CODE UNGT65455833155DOKUMENDI NUMBER/DOCUMENT NUMBERSA74941870LskrisSA7941870KEHTIV KUNI/ DATE OF EXPIRY31.07.2031KASUTAJA ALLKIRI / HOLDER'S SIGNATURE,"{""type"": ""ISIKUTUNNISTUS"", ""country_code"": ""EESTI"", ""country"": ""ESTONIA"", ""surname"": ""KRISTOEESNIMED"", ""given_name"": ""SSEPPSUGU"", ""birthday"": ""12.05.2004"", ""gender"": null, ""issue_date"": null, ""expire_date"": ""31.07.2031"", ""place_of_birth"": null, ""issue_authority"": null, ""personal_num"": ""UNGT65455833155DOKUMENDI"", ""card_num"": ""SA74941870LskrisSA7941870KEHTIV""}"
est,generated.photos_v3_0081268.png,EESTIVABARIIK ISIKUTUNNISTUSREPUBLIC OF ESTONIA IDENTITY CARDPERKEKONNANIMI / SURNAMESIMOEESNIMED/ GIVEN NAMESTAMMSUGU/M/MSEXESTKODAKONDUS/CITIZENSHIPESTGK81918254SUNNAEGI/DATE OF BIRTH13.12.1992ISIKUKOOD/PERSONAL CODE INGT4153024639DOKUMENDI NUMBER/DOCUMENT NUMBERGK8918254GK 8918254tsimoKEHTIV KUNI/ DATE OF EXPIRY09.04.2030KASUTAJA ALLKIRI / HOLDER'S SIGNATURE,"{""type"": ""ISIKUTUNNISTUS"", ""country_code"": ""EESTI"", ""country"": ""ESTONIA"", ""surname"": ""SIMOEESNIMED"", ""given_name"": ""STAMMSUGU"", ""birthday"": ""13.12.1992"", ""gender"": null, ""issue_date"": null, ""expire_date"": ""09.04.2030"", ""place_of_birth"": null, ""issue_authority"": null, ""personal_num"": ""INGT4153024639DOKUMENDI"", ""card_num"": ""GK8918254GK""}"
est,generated.photos_v3_0082658.png,EESTIVABARIIK ISIKUTUNNISTUSREPUBLIC OF ESTONIA IDENTITY CARDPERKEKONNANIMI / SURNAMEGRETEEESNIMED/ GIVEN NAMESMETSSUGU/M/MSEXESTKODAKONDSUS/CITIZENSHIPESTDV07702869SUNNAEGIDATE OF BIRTH03.02.1961ISIKUKOOD/PERSONAL CODE UNGT 15067452267DOKUMENDI NUMBER/DOCUMENT NUMBERDV0702869LskrisDV702889KEHTIV KUNI/ DATE OF EXPIRY12.08.2032KASUTAJA ALLKIRI / HOLDER'S SIGNATURE,"{""type"": ""ISIKUTUNNISTUS"", ""country_code"": ""EESTI"", ""country"": ""ESTONIA"", ""surname"": ""GRETEEESNIMED"", ""given_name"": ""SMETSSUGU"", ""birthday"": ""03.02.1961"", ""gender"": null, ""issue_date"": null, ""expire_date"": ""12.08.2032"", ""place_of_birth"": null, ""issue_authority"": null, ""personal_num"": ""UNGT"", ""card_num"": ""DV0702869LskrisDV702889KEHTIV""}"
est,generated.photos_v3_0082138.png,EESTIVABARIIK ISIKUTUNNISTUSREPUBLIC OF ESTONIA IDENTITY CARDPERKEKONNANIMI / SURNAMEDOEEESNIMED / GIVEN NAMESJOHNSUGU/SEXN/FESTKODAKONDSUS /CITIZENSHIPESTLTO302474SUNNAEGI/DATE OF BIRTH17.07.1983ISIKUKOOD /PERSONAL CODE UNGT 10043886432DOKUMENDI NUMBER/DOCUMENT NUMBERLTO304274LmliisLTO 302474KEHTIV KUNI/ DATE OF EXPIRY20.06.2032KASUTAJA ALLKIRI / HOLDER'S SIGNATURE,"{""type"": ""ISIKUTUNNISTUS"", ""country_code"": ""EESTI"", ""country"": ""ESTONIA"", ""surname"": ""DOEEESNIMED"", ""given_name"": ""SJOHNSUGU"", ""birthday"": ""17.07.1983"", ""gender"": null, ""issue_date"": null, ""expire_date"": ""20.06.2032"", ""place_of_birth"": null, ""issue_authority"": null, ""personal_num"": ""UNGT"", ""card_num"": ""LTO304274LmliisLTO""}"
est,generated.photos_v3_0082605.png,EESTIVABARIIK ISIKUTUNNISTUSREPUBLIC OF ESTONIA IDENTITY CARDPERKEKONNANIMI / SURNAMEHELINEESNIMED/ GIVEN NAMESLIIVSUGU/N/FSEXESTKODAKONDSU/CITIZENSHIPESTNZ0430313SUNNAEGIDATE OF BIRTH10.10.1988ISIKUKOOD/PERSONAL CODE UNGT 48172163720DOKUMENDI NUMBER/DOCUMENT NUMBERNZ0430313LkhejNZ0430013KEHTIV KUNI/ DATE OF EXPIRY08.08.2033KASUTAJA ALLKIRI / HOLDER'S SIGNATURE,"{""type"": ""ISIKUTUNNISTUS"", ""country_code"": ""EESTI"", ""country"": ""ESTONIA"", ""surname"": ""HELINEESNIMED"", ""given_name"": ""SLIIVSUGU"", ""birthday"": ""10.10.1988"", ""gender"": null, ""issue_date"": null, ""expire_date"": ""08.08.2033"", ""place_of_birth"": null, ""issue_authority"": null, ""personal_num"": ""UNGT"", ""card_num"": ""NZ0430313LkhejNZ0430013KEHTIV""}"
est,generated.photos_v3_0078689.png,EESTIVABARIIK ISIKUTUNNISTUSREPUBLIC OF ESTONIA IDENTITY CARDPERKEKONNAMIMI / SURNAMEMERIKEEESNIMED/ GIVEN NAMESAASSUGU/SEXN/FESTKODAKONDUS/CITIZENSHIPESTEBO9116933SUNNAEGI/DATE OF BIRTH23.06.1997ISIKUKOOD /PERSONAL CODE UNGT50417109785DOKUMENDI NUMBER/DOCUMENT NUMBEREBO0916933EB091693KEHTIV KUNI/ DATE OF EXPIRY20.03.2032KASUTAJA ALLKIRI / HOLDER'S SIGNATURE,"{""type"": ""ISIKUTUNNISTUS"", ""country_code"": ""EESTI"", ""country"": ""ESTONIA"", ""surname"": ""MERIKEEESNIMED"", ""given_name"": ""SAASSUGU"", ""birthday"": ""23.06.1997"", ""gender"": null, ""issue_date"": null, ""expire_date"": ""20.03.2032"", ""place_of_birth"": null, ""issue_authority"": null, ""personal_num"": ""UNGT50417109785DOKUMENDI"", ""card_num"": ""EBO0916933EB091693KEHTIV""}"
est,generated.photos_v3_0081416.png,EESTIVABARIIK ISIKUTUNNISTUSREPUBLIC OF ESTONIA IDENTITY CARDPERKEKONNANIMI / SURNAMEOLIVEREESNIMED/ GIVEN NAMESAAVIKSOOSUGU/M/MSEXESTKODAKONDSUS/CITIZENSHIPESTYB8287317SUNNAEGIDATE OF BIRTH22.11.2001ISIKUKOOD/PERSONAL CODE UNGT 613910557734DOKUMENDI NUMBER/DOCUMENT NUMBERYB8287317JssiimYB88287317KEHTIV KUNI/ DATE OF EXPIRY10.12.2034KASUTAJA ALLKIRI/ HOLDER'S SIGNATURE,"{""type"": ""ISIKUTUNNISTUS"", ""country_code"": ""EESTI"", ""country"": ""ESTONIA"", ""surname"": ""OLIVEREESNIMED"", ""given_name"": ""SAAVIKSOOSUGU"", ""birthday"": ""22.11.2001"", ""gender"": null, ""issue_date"": null, ""expire_date"": ""10.12.2034"", ""place_of_birth"": null, ""issue_authority"": null, ""personal_num"": ""UNGT"", ""card_num"": ""YB8287317JssiimYB88287317KEHTIV""}"
est,generated.photos_v3_0079389_0652990_0665473.png,EESTIVABARIIK ISIKUTUNNISTUSREPUBLIC OF ESTONIA IDENTITY CARDPERKEKONNANIMI / SURNAMEMARIKAEESNIMED/ GIVEN NAMESKARUSUGU/N/FSEXESTKODAKONDSU/CITIZENSHIPESTKG5064282SUNNAEGI/DATE OF BIRTH20.11.1998ISIKUKOOD/PERSONAL CODE UNGT59516824530DOKUMENDI NUMBER/DOCUMENT NUMBERKG 5064282LenaKG50664282KEHTIV KUNI/ DATE OF EXPIRY15.11:2033KASUTAJA ALLKIRI/HOLDER'S SIGNATURE,"{""type"": ""ISIKUTUNNISTUS"", ""country_code"": ""EESTI"", ""country"": ""ESTONIA"", ""surname"": ""MARIKAEESNIMED"", ""given_name"": ""SKARUSUGU"", ""birthday"": ""20.11.1998"", ""gender"": null, ""issue_date"": null, ""expire_date"": null, ""place_of_birth"": null, ""issue_authority"": null, ""personal_num"": ""UNGT59516824530DOKUMENDI"", ""card_num"": ""KG""}"
est,generated.photos_v3_0081003.png,EESTIVABARIIK ISIKUTUNNISTUSREPUBLIC OF ESTONIA IDENTITY CARDPERKEKONNAMIMI / SURNAMEMIHKELEESNIMED/ GIVEN NAMESPÖDERSUGU/M/MSEXESTKODAKONDUS/CITIZENSHIPESTNU6971511SUNNAEGIDATE OF BIRTH20.09.1998ISIKUKOOD/PERSONAL CODE UNGT 53334223917DOKUMENDI NUMBER/DOCUMENT NUMBERNU671511/pmihkNU9971511KEHTIV KUNI/ DATE OF EXPIRY15.08.2030KASUTAJA ALLKIRI / HOLDER'S SIGNATURE,"{""type"": ""ISIKUTUNNISTUS"", ""country_code"": ""EESTI"", ""country"": ""ESTONIA"", ""surname"": ""MIHKELEESNIMED"", ""given_name"": ""SP"", ""birthday"": ""20.09.1998"", ""gender"": null, ""issue_date"": null, ""expire_date"": ""15.08.2030"", ""place_of_birth"": null, ""issue_authority"": null, ""personal_num"": ""UNGT"", ""card_num"": ""NU671511""}"
est,generated.photos_v3_0081370.png,EESTIVABARIIK ISIKUTUNNISTUSREPUBLIC OF ESTONIA IDENTITY CARDPERKEKONNANIMI / SURNAMEMARETEESNIMED/ GIVEN NAMESKULDSUGU/SEXN/FESTKODAKONDSUS /CITIZENSHIPESTGU29388532SUNNAEGIDATE OF BIRTH02.12.1997ISIKUKOOD/PERSONAL CODE UNGT 83664384328DOKUMENDI NUMBER/DOCUMENT NUMBERGU2938532KmallGU2938832KEHTIV KUNI/ DATE OF EXPIRY13.09.2033KASUTAJA ALLKIRI / HOLDER'S SIGNATURE,"{""type"": ""ISIKUTUNNISTUS"", ""country_code"": ""EESTI"", ""country"": ""ESTONIA"", ""surname"": ""MARETEESNIMED"", ""given_name"": ""SKULDSUGU"", ""birthday"": ""02.12.1997"", ""gender"": null, ""issue_date"": null, ""expire_date"": ""13.09.2033"", ""place_of_birth"": null, ""issue_authority"": null, ""personal_num"": ""UNGT"", ""card_num"": ""GU2938532KmallGU2938832KEHTIV""}"
est,generated.photos_v3_0080674.png,EESTIVABARIIK ISIKUTUNNISTUSREPUBLIC OF ESTONIA IDENTITY CARDPERKEKONNANIMI / SURNAMELIINAEESNIMED/ GIVEN NAMESREBANESUGU/N/FSEXESTKODAKONDSU/CITIZENSHIPESTMT22044087SUNNAEGIDATE OF BIRTH18.08.2001ISIKUKOOD/PERSONAL CODE INGT 67859796170DOKUMENDI NUMBER/DOCUMENT NUMBERMT2204087rlineMT22040887KEHTIV KUNI/ DATE OF EXPIRY12.082034KASUTAJA ALLKIRI / HOLDER'S SIGNATURE,"{""type"": ""ISIKUTUNNISTUS"", ""country_code"": ""EESTI"", ""country"": ""ESTONIA"", ""surname"": ""LIINAEESNIMED"", ""given_name"": ""SREBANESUGU"", ""birthday"": ""18.08.2001"", ""gender"": null, ""issue_date"": null, ""expire_date"": null, ""place_of_birth"": null, ""issue_authority"": null, ""personal_num"": ""INGT"", ""card_num"": ""MT2204087rlineMT22040887KEHTIV""}"
est,generated.photos_v3_0082266.png,EESTIVABARIIK ISIKUTUNNISTUSREPUBLIC OF ESTONIA IDENTITY CARDPERKEKONNANIMI / SURNAMEHELJEEESNIMED/ GIVEN NAMESTOOMSUGU/N/FSEXESTKODAKONDSUS/CITIZENSHIPESTRAO2011428SUNNAEGI/DATE OF BIRTH09.12.1993ISIKUKOOD/PERSONAL CODE INGT 470146655979DOKUMENDI NUMBER/DOCUMENT NUMBERRAO2014282plusRAO20151428KEHTIV KUNI/ DATE OF EXPIRY29.03.2030KASUTAJA ALLKIRI / HOLDER'S SIGNATURE,"{""type"": ""ISIKUTUNNISTUS"", ""country_code"": ""EESTI"", ""country"": ""ESTONIA"", ""surname"": ""HELJEEESNIMED"", ""given_name"": ""STOOMSUGU"", ""birthday"": ""09.12.1993"", ""gender"": null, ""issue_date"": null, ""expire_date"": ""29.03.2030"", ""place_of_birth"": null, ""issue_authority"": null, ""personal_num"": ""INGT"", ""card_num"": ""RAO2014282plusRAO20151428KEHTIV""}"
est,generated.photos_v3_0078476.png,EESTIVABARIIK ISIKUTUNNISTUSREPUBLIC OF ESTONIA IDENTITY CARDPERKEKONNANIMI / SURNAMEDOEEESNIMED / GIVEN NAMESJANESUGU/M/MSEXESTKODAKONDSUS/CITIZENSHIPESTDC1720270SUNNAEGI/DATE OF BIRTH22.11.1995ISIKUKOOD /PERSONAL CODE UNGT 930444968963DOKUMENDI NUMBER /DOCUMENT NUMBERDC1720270DC17202070KEHITIV KUNI/ DATE OF EXPIRY07.01.2033KASUTAJA ALLKIRI / HOLDER'S SIGNATURE,"{""type"": ""ISIKUTUNNISTUS"", ""country_code"": ""EESTI"", ""country"": ""ESTONIA"", ""surname"": ""DOEEESNIMED"", ""given_name"": ""SJANESUGU"", ""birthday"": ""22.11.1995"", ""gender"": null, ""issue_date"": null, ""expire_date"": ""07.01.2033"", ""place_of_birth"": null, ""issue_authority"": null, ""personal_num"": ""UNGT"", ""card_num"": ""DC1720270DC17202070KEHITIV""}"
est,generated.photos_v3_0079389_0652990_0410903.png,EESTIVABARIIK ISIKUTUNNISTUSREPUBLIC OF ESTONIA IDENTITY CARDPERKEKONNAMIMI / SURNAMEREELIKAEESNIMED/ GIVEN NAMESJÖGİSUGU/N/FSEXESTKODAKONDUS/CITIZENSHIPESTUO4576072SUNNAEGI/DATE OF BIRTH23.09.1996ISIKUKOOD/PERSONAL CODE INGT 71476163772DOKUMENDI NUMBER/DOCUMENT NUMBERUO4576072jneeliUO476072KEHTIV KUNI/ DATE OF EXPERY27.04.2033KASUTAJA ALLKIRI / HOLDER'S SIGNATURE,"{""type"": ""ISIKUTUNNISTUS"", ""country_code"": ""EESTI"", ""country"": ""ESTONIA"", ""surname"": ""REELIKAEESNIMED"", ""given_name"": ""SJ"", ""birthday"": ""23.09.1996"", ""gender"": null, ""issue_date"": null, ""expire_date"": null, ""place_of_birth"": null, ""issue_authority"": null, ""personal_num"": ""INGT"", ""card_num"": ""UO4576072jneeliUO476072KEHTIV""}"
est,generated.photos_v3_0079790.png,EESTIVABARIIK ISIKUTUNNISTUSREPUBLIC OF ESTONIA IDENTITY CARDPERKEKONNANIMI / SURNAMEOLIVEREESNIMED/ GIVEN NAMESSAARSUGU/M/MSEXESTKODAKONDUS/CITIZENSHIPESTQU6078103SUNNAEGI/DATE OF BIRTH09.02.1997ISIKUKOOD/PERSONAL CODE UNGT 304752533997DOKUMENDI NUMBER/DOCUMENT NUMBERQU60781033IsoliveQU607081103KEHTIV KUNI/ DATE OF EXPERY29.08.2033KASUTAJA ALLKIRI/HOLDER'S SIGNATURE,"{""type"": ""ISIKUTUNNISTUS"", ""country_code"": ""EESTI"", ""country"": ""ESTONIA"", ""surname"": ""OLIVEREESNIMED"", ""given_name"": ""SSAARSUGU"", ""birthday"": ""09.02.1997"", ""gender"": null, ""issue_date"": null, ""expire_date"": null, ""place_of_birth"": null, ""issue_authority"": null, ""personal_num"": ""UNGT"", ""card_num"": ""QU60781033IsoliveQU607081103KEHTIV""}"
est,generated.photos_v3_0079416.png,EESTIVABARIIK ISIKUTUNNISTUSREPUBLIC OF ESTONIA IDENTITY CARDPERKEKONNANIMI / SURNAMEMARTENEESNIMED/ GIVEN NAMESKUUSKSUGU/M/MSEXESTKODAKONDSUS/CITIZENSHIPESTIAT3227124SUNNAEGIDATE OF BIRTH07.02.1990ISIKUKOOD/PERSONAL CODE INGT 206664496108DOKUMENDI NUMBER/DOCUMENT NUMBERIA7327124KmartIA7237124KEHTIV KUNI/ DATE OF EXPIRY25.04.2034KASUTAJA ALLKIRI / HOLDER'S SIGNATURE,"{""type"": ""ISIKUTUNNISTUS"", ""country_code"": ""EESTI"", ""country"": ""ESTONIA"", ""surname"": ""MARTENEESNIMED"", ""given_name"": ""SKUUSKSUGU"", ""birthday"": ""07.02.1990"", ""gender"": null, ""issue_date"": null, ""expire_date"": ""25.04.2034"", ""place_of_birth"": null, ""issue_authority"": null, ""personal_num"": ""INGT"", ""card_num"": ""IA7327124KmartIA7237124KEHTIV""}"
est,generated.photos_v3_0077677.png,EESTIVABARIIK ISIKUTUNNISTUSREPUBLIC OF ESTONIA IDENTITY CARDPERKEKONNANIMI / SURNAMELIISEESNIMED / GIVEN NAMESMÁGISUGU/N/FSEXESTKODAKONDUS/CITIZENSHIPESTGD7569655SUNNAEGI/DATE OF BIRTH23.04.1994ISIKUKOOD /PERSONAL CODE UNGT 82737344675DOKUMENDI NUMBER/DOCUMENT NUMBERGD7569655ImliisGD7566555KEHTIV KUNI/ DATE OF EXPIRY25.01.2031KASUTAJA ALLKIRI / HOLDER'S SIGNATURE,"{""type"": ""ISIKUTUNNISTUS"", ""country_code"": ""EESTI"", ""country"": ""ESTONIA"", ""surname"": ""LIISEESNIMED"", ""given_name"": ""SM"", ""birthday"": ""23.04.1994"", ""gender"": null, ""issue_date"": null, ""expire_date"": ""25.01.2031"", ""place_of_birth"": null, ""issue_authority"": null, ""personal_num"": ""UNGT"", ""card_num"": ""GD7569655ImliisGD7566555KEHTIV""}"
est,generated.photos_v3_0080006.png,EESTIVABARIIK ISIKUTUNNISTUSREPUBLIC OF ESTONIA IDENTITY CARDPERKEKONNAMIMI / SURNAMEREELIKAEESNIMED/ GIVEN NAMESAASSUGU/N/FSEXESTKODAKONDUS/CITIZENSHIPESTRR9133953SUNNAEGI/DATE OF BIRTH02.08.2002ISIKUKOOD/PERSONAL CODE UNGT 87996778716DOKUMENDI NUMBER/DOCUMENT NUMBERRR91339353DareelRR9 133953KEHTIV KUNI/ DATE OF EXPIRY18.07.2031KASUTAJA ALLKIRI/HOLDER'S SIGNATURE,"{""type"": ""ISIKUTUNNISTUS"", ""country_code"": ""EESTI"", ""country"": ""ESTONIA"", ""surname"": ""REELIKAEESNIMED"", ""given_name"": ""SAASSUGU"", ""birthday"": ""02.08.2002"", ""gender"": null, ""issue_date"": null, ""expire_date"": ""18.07.2031"", ""place_of_birth"": null, ""issue_authority"": null, ""personal_num"": ""UNGT"", ""card_num"": ""RR91339353DareelRR9""}"
est,generated.photos_v3_0079389_0652990_0209355.png,EESTIVABARIIK ISIKUTUNNISTUSREPUBLIC OF ESTONIA IDENTITY CARDPERKEKONNANIMI / SURNAMEAVEEESNIMED/ GIVEN NAMESKARUSUGU/N/FSEXESTKODAKONDUS/CITIZENSHIPESTTW74553608SUNNAEGIDATE OF BIRTH17.02.1995ISIKUKOOD/PERSONAL CODE INGT 39709834165DOKUMENDI NUMBER/DOCUMENT NUMBERTW7453608IkaveTW7 453608KEHTIV KUNI/ DATE OF EXPIRY18.05.2032KASUTAJA ALLKIRI / HOLDER'S SIGNATURE,"{""type"": ""ISIKUTUNNISTUS"", ""country_code"": ""EESTI"", ""country"": ""ESTONIA"", ""surname"": ""AVEEESNIMED"", ""given_name"": ""SKARUSUGU"", ""birthday"": ""17.02.1995"", ""gender"": null, ""issue_date"": null, ""expire_date"": ""18.05.2032"", ""place_of_birth"": null, ""issue_authority"": null, ""personal_num"": ""INGT"", ""card_num"": ""TW7453608IkaveTW7""}"
est,generated.photos_v3_0076878.png,EESTIVABARIIK ISIKUTUNNISTUSREPUBLIC OF ESTONIA IDENTITY CARDPERKEKONNAMIMI / SURNAMEKAIRITEESNIMED/ GIVEN NAMESTOOMSUGU/N/FSEXESTKODAKONDSU/CITIZENSHIPESTZL52088039SUNNAEGI/DATE OF BIRTH22.08.1991ISIKUKOOD /PERSONAL CODE INGT 87803571160DOKUMENDI NUMBER /DOCUMENT NUMBERZL5208039ItkairZL5220839KEHTIV KUNI/ DATE OF EXPIRY08.02.2031KASUTAJA ALLKIRI / HOLDER'S SIGNATURE,"{""type"": ""ISIKUTUNNISTUS"", ""country_code"": ""EESTI"", ""country"": ""ESTONIA"", ""surname"": ""KAIRITEESNIMED"", ""given_name"": ""STOOMSUGU"", ""birthday"": ""22.08.1991"", ""gender"": null, ""issue_date"": null, ""expire_date"": ""08.02.2031"", ""place_of_birth"": null, ""issue_authority"": null, ""personal_num"": ""INGT"", ""card_num"": ""ZL5208039ItkairZL5220839KEHTIV""}"
est,generated.photos_v3_0079389_0652990_0437872.png,EESTIVABARIIK ISIKUTUNNISTUSREPUBLIC OF ESTONIA IDENTITY CARDPERKEKONNAMIMI / SURNAMESIRJEEESNIMED/ GIVEN NAMESMETSSUGU/N/FSEXESTKODAKONDSU/CITIZENSHIPESTBG4347602SUNNAEGI/DATE OF BIRTH30.04.1995ISIKUKOOD/PERSONAL CODE UNGT0084703084DOKUMENDI NUMBER/DOCUMENT NUMBERBG4347602LG4347702KEHTIV KUNI/ DATE OF EXPIRY27.05.2034KASUTAJA ALLKIRI / HOLDER'S SIGNATURE,"{""type"": ""ISIKUTUNNISTUS"", ""country_code"": ""EESTI"", ""country"": ""ESTONIA"", ""surname"": ""SIRJEEESNIMED"", ""given_name"": ""SMETSSUGU"", ""birthday"": ""30.04.1995"", ""gender"": null, ""issue_date"": null, ""expire_date"": ""27.05.2034"", ""place_of_birth"": null, ""issue_authority"": null, ""personal_num"": ""UNGT0084703084DOKUMENDI"", ""card_num"": ""BG4347602LG4347702KEHTIV""}"
est,generated.photos_v3_0078446.png,EESTIVABARIIK ISIKUTUNNISTUSREPUBLIC OF ESTONIA IDENTITY CARDPERKEKONNAMIMI / SURNAMEMAARJAEESNIMED/ GIVEN NAMESPIHLAKSUGU/N/FSEXESTKODAKONDSU/CITIZENSHIPESTWJ35374115SUNNAEGI/DATE OF BIRTH22.03.1988ISIKUKOOD/PERSONAL CODE UNGT 431122966021DOKUMENDI NUMBER/DOCUMENT NUMBERWJ 3537415IliisWJ3573415KEHTIV KUNI/ DATE OF EXPIRY16.11.2034KASUTAJA ALLKIRI / HOLDER'S SIGNATURE,"{""type"": ""ISIKUTUNNISTUS"", ""country_code"": ""EESTI"", ""country"": ""ESTONIA"", ""surname"": ""MAARJAEESNIMED"", ""given_name"": ""SPIHLAKSUGU"", ""birthday"": ""22.03.1988"", ""gender"": null, ""issue_date"": null, ""expire_date"": ""16.11.2034"", ""place_of_birth"": null, ""issue_authority"": null, ""personal_num"": ""UNGT"", ""card_num"": ""WJ""}"
est,generated.photos_v3_0081597.png,EESTIVABARIIK ISIKUTUNNISTUSREPUBLIC OF ESTONIA IDENTITY CARDPERKEKONNANIMI / SURNAMEGRETEEESNIMED/ GIVEN NAMESKASPARSUGU/N/FSEXESTKODAKONDUS/CITIZENSHIPESTFZ67907712SUNNAEGI/DATE OF BIRTH13.11.1997ISIKUKOOD/PERSONAL CODE UNGT 62360832486DOKUMENDI NUMBER/DOCUMENT NUMBERFZ6790712KannıFZ690712KEHTIV KUNI/ DATE OF EXPERY11.10.2033KASUTAJA ALLKIRI / HOLDER'S SIGNATURE,"{""type"": ""ISIKUTUNNISTUS"", ""country_code"": ""EESTI"", ""country"": ""ESTONIA"", ""surname"": ""GRETEEESNIMED"", ""given_name"": ""SKASPARSUGU"", ""birthday"": ""13.11.1997"", ""gender"": null, ""issue_date"": null, ""expire_date"": null, ""place_of_birth"": null, ""issue_authority"": null, ""personal_num"": ""UNGT"", ""card_num"": ""FZ6790712KannıFZ690712KEHTIV""}"
est,generated.photos_v3_0078624.png,EESTIVABARIIK ISIKUTUNNISTUSREPUBLIC OF ESTONIA IDENTITY CARDPERKEKONNANIMI / SURNAMEGRETEEESNIMED / GIVEN NAMESLÖHMUSSUGU/SEXN/FESTKODAKONDUS/CITIZENSHIPESTGW15656699SUNNAEGIDATE OF BIRTH23.07.1996ISIKUKOOD/PERSONAL CODE INGT 92960297408DOKUMENDI NUMBER/DOCUMENT NUMBERGW1566999LodianGW1556999KEHTIV KUNI/ DATE OF EXPERY27.03.2034KASUTAJA ALLKIRI / HOLDER'S SIGNATURE,"{""type"": ""ISIKUTUNNISTUS"", ""country_code"": ""EESTI"", ""country"": ""ESTONIA"", ""surname"": ""GRETEEESNIMED"", ""given_name"": ""SL"", ""birthday"": ""23.07.1996"", ""gender"": null, ""issue_date"": null, ""expire_date"": null, ""place_of_birth"": null, ""issue_authority"": null, ""personal_num"": ""INGT"", ""card_num"": ""GW1566999LodianGW1556999KEHTIV""}"
est,generated.photos_v3_0077407_0498177_0347832.png,EESTIVABARIIK ISIKUTUNNISTUSREPUBLIC OF ESTONIA IDENTITY CARDPERKEKONNAMIMI / SURNAMEKRISTOEESNIMED/ GIVEN NAMESSAARSUGU/M/MSEXESTKODAKONDSUS/CITIZENSHIPESTKG10115554SUNNAEGIDATE OF BIRTH12.07.1999ISIKUKOOD /PERSONAL CODE UNGT 55155293699DOKUMENDI NUMBER/DOCUMENT NUMBERKG 10115554LskrisKG0115554KEHTIV KUNI/ DATE OF EXPERY14.02.2033KASUTAJA ALLKIRI / HOLDER'S SIGNATURE,"{""type"": ""ISIKUTUNNISTUS"", ""country_code"": ""EESTI"", ""country"": ""ESTONIA"", ""surname"": ""KRISTOEESNIMED"", ""given_name"": ""SSAARSUGU"", ""birthday"": ""12.07.1999"", ""gender"": null, ""issue_date"": null, ""expire_date"": null, ""place_of_birth"": null, ""issue_authority"": null, ""personal_num"": ""UNGT"", ""card_num"": ""KG""}"
est,generated.photos_v3_0078455.png,EESTIVABARIIK ISIKUTUNNISTUSREPUBLIC OF ESTONIA IDENTITY CARDPERKEKONNANIMI / SURNAMEPRITEESNIMED / GIVEN NAMESMETSSUGU/M/MSEXESTKODAKONDUS/CITIZENSHIPESTGH1938395SUNNAEGIDATE OF BIRTH14.03.1978ISIKUKOOD/PERSONAL CODE UNGT 56285648667DOKUMENDI NUMBER/DOCUMENT NUMBERGH19388395LrristGH19338395KEHTIV KUNI/ DATE OF EXPERY09.01.2031KASUTAJA ALLKIRI / HOLDER'S SIGNATURE,"{""type"": ""ISIKUTUNNISTUS"", ""country_code"": ""EESTI"", ""country"": ""ESTONIA"", ""surname"": ""PRITEESNIMED"", ""given_name"": ""SMETSSUGU"", ""birthday"": ""14.03.1978"", ""gender"": null, ""issue_date"": null, ""expire_date"": null, ""place_of_birth"": null, ""issue_authority"": null, ""personal_num"": ""UNGT"", ""card_num"": ""GH19388395LrristGH19338395KEHTIV""}"
est,generated.photos_v3_0078533_0060902_0351293.png,EESTIVABARIIK ISIKUTUNNISTUSREPUBLIC OF ESTONIA IDENTITY CARDPERKEKONNANIMI / SURNAMEDOEEESNIMED / GIVEN NAMESJOHNSUGU/SEXN/FESTKODAKONDUS/CITIZENSHIPESTFC24686337SUNNAEGI/DATE OF BIRTH21.06.1996ISIKUKOOD/PERSONAL CODE INGT 70997253583DOKUMENDI NUMBER/DOCUMENT NUMBERFC2468637akrargFC2466837KEHTIV KUNI/ DATE OF EXPIRY27.062031KASUTAJA ALLKIRI / HOLDER'S SIGNATURE,"{""type"": ""ISIKUTUNNISTUS"", ""country_code"": ""EESTI"", ""country"": ""ESTONIA"", ""surname"": ""DOEEESNIMED"", ""given_name"": ""SJOHNSUGU"", ""birthday"": ""21.06.1996"", ""gender"": null, ""issue_date"": null, ""expire_date"": null, ""place_of_birth"": null, ""issue_authority"": null, ""personal_num"": ""INGT"", ""card_num"": ""FC2468637akrargFC2466837KEHTIV""}"
est,generated.photos_v3_0077181.png,EESTIVABARIIK ISIKUTUNNISTUSREPUBLIC OF ESTONIA IDENTITY CARDPERKEKONNAMIMI / SURNAMEMAIROEESNIMED/ GIVEN NAMESRAUDSUGU/M/MSEXESTKODAKONDSUS/CITIZENSHIPESTCUB723721SUNNAEGIDATE OF BIRTH04.09.1999ISIKUKOOD/PERSONAL CODE INGT51251577837DOKUMENDI NUMBER/DOCUMENT NUMBERCU8723721IrmairCU872321KEHTIV KUNI/ DATE OF EXPIRY29.07.2032KASUTAJA ALLKIRI / HOLDER'S SIGNATURE,"{""type"": ""ISIKUTUNNISTUS"", ""country_code"": ""EESTI"", ""country"": ""ESTONIA"", ""surname"": ""MAIROEESNIMED"", ""given_name"": ""SRAUDSUGU"", ""birthday"": ""04.09.1999"", ""gender"": null, ""issue_date"": null, ""expire_date"": ""29.07.2032"", ""place_of_birth"": null, ""issue_authority"": null, ""personal_num"": ""INGT51251577837DOKUMENDI"", ""card_num"": ""CU8723721IrmairCU872321KEHTIV""}"
est,generated.photos_v3_0079158.png,EESTIVABARIIK ISIKUTUNNISTUSREPUBLIC OF ESTONIA IDENTITY CARDPERKEKONNANIMI / SURNAMEEVEEESNIMED / GIVEN NAMESLAURSUGU/M/MSEXESTKODAKONDUS/CITIZENSHIPESTTC644056968SUNNAEGIDATE OF BIRTH08.08.2001ISIKUKOOD/PERSONAL CODE INGT 26228771755DOKUMENDI NUMBER/DOCUMENT NUMBERTC6405968TC64050968KEHTIV KUNI/ DATE OF EXPIRY04.01.2032KASUTAJA ALLKIRI / HOLDER'S SIGNATURE,"{""type"": ""ISIKUTUNNISTUS"", ""country_code"": ""EESTI"", ""country"": ""ESTONIA"", ""surname"": ""EVEEESNIMED"", ""given_name"": ""SLAURSUGU"", ""birthday"": ""08.08.2001"", ""gender"": null, ""issue_date"": null, ""expire_date"": ""04.01.2032"", ""place_of_birth"": null, ""issue_authority"": null, ""personal_num"": ""INGT"", ""card_num"": ""TC6405968TC64050968KEHTIV""}"
est,generated.photos_v3_0080272.png,EESTIVABARIIK ISIKUTUNNISTUSREPUBLIC OF ESTONIA IDENTITY CARDPERKEKONNAMIMI / SURNAMEMIRJAMEESNIMED/ GIVEN NAMESLIIVAKSUGU/N/FSEXESTKODAKONDUS/CITIZENSHIPESTJF29053863SUNNAEGIDATE OF BIRTH05.03.1991ISIKUKOOD/PERSONAL CODE INGT0685281972DOKUMENDI NUMBER/DOCUMENT NUMBERJF2953863llmirjJF 29053862KEHTIV KUNI/ DATE OF EXPIRY13.06.2032KASUTAJA ALLKIRI / HOLDER'S SIGNATURE,"{""type"": ""ISIKUTUNNISTUS"", ""country_code"": ""EESTI"", ""country"": ""ESTONIA"", ""surname"": ""MIRJAMEESNIMED"", ""given_name"": ""SLIIVAKSUGU"", ""birthday"": ""05.03.1991"", ""gender"": null, ""issue_date"": null, ""expire_date"": ""13.06.2032"", ""place_of_birth"": null, ""issue_authority"": null, ""personal_num"": ""INGT0685281972DOKUMENDI"", ""card_num"": ""JF2953863llmirjJF""}"
est,generated.photos_v3_0081593.png,EESTIVABARIIK ISIKUTUNNISTUSREPUBLIC OF ESTONIA IDENTITY CARDPERKEKONNAMIMI / SURNAMEPRIDIKEESNIMED/ GIVEN NAMESSEINSUGU/M/MSEXESTKODAKONDUS/CITIZENSHIPESTJT35585713SUNNAEGIDATE OF BIRTH30.05.1999ISIKUKOOD/PERSONAL CODE UNGT 96642932387DOKUMENDI NUMBER/DOCUMENT NUMBERJT3585713JT3505713TopriiKEHTIV KUNI/ DATE OF EXPIRY03.01.2033KASUTAJA ALLKIRI / HOLDER'S SIGNATURE,"{""type"": ""ISIKUTUNNISTUS"", ""country_code"": ""EESTI"", ""country"": ""ESTONIA"", ""surname"": ""PRIDIKEESNIMED"", ""given_name"": ""SSEINSUGU"", ""birthday"": ""30.05.1999"", ""gender"": null, ""issue_date"": null, ""expire_date"": ""03.01.2033"", ""place_of_birth"": null, ""issue_authority"": null, ""personal_num"": ""UNGT"", ""card_num"": ""JT3585713JT3505713TopriiKEHTIV""}"
est,generated.photos_v3_0077407_0498177_0992535.png,EESTIVABARIIK ISIKUTUNNISTUSREPUBLIC OF ESTONIA IDENTITY CARDPERKEKONNAMIMI / SURNAMELAURIEESNIMED/ GIVEN NAMESTALVIKSUGU/M/MSEXESTKODAKONDSU/CITIZENSHIPESTQL4927234SUNNAEGI/DATE OF BIRTH20.04.2002ISIKUKOOD/PERSONAL CODE UNGT 011909489020DOKUMENDI NUMBER/DOCUMENT NUMBERQL4927334QL 4927234KEHTIV KUNI/ DATE OF EXPIRY02.10.2031KASUTAJA ALLKIRI / HOLDER'S SIGNATURE,"{""type"": ""ISIKUTUNNISTUS"", ""country_code"": ""EESTI"", ""country"": ""ESTONIA"", ""surname"": ""LAURIEESNIMED"", ""given_name"": ""STALVIKSUGU"", ""birthday"": ""20.04.2002"", ""gender"": null, ""issue_date"": null, ""expire_date"": ""02.10.2031"", ""place_of_birth"": null, ""issue_authority"": null, ""personal_num"": ""UNGT"", ""card_num"": ""QL4927334QL""}"
est,generated.photos_v3_0078378.png,EESTIVABARIIK ISIKUTUNNISTUSREPUBLIC OF ESTONIA IDENTITY CARDPERKEKONNANIMI / SURNAMEKARLEESNIMED / GIVEN NAMESPIHLAKSUGU/M/MSEXESTKODAKONDUSU/CITIZENSHIPESTUL7894162SUNNAEGI/DATE OF BIRTH26.10.1998ISIKUKOOD /PERSONAL CODE UNGT 999667779480DOKUMENDI NUMBER/DOCUMENT NUMBERUL7891162UL7884162LasileKEHTIV KUNI/ DATE OF EXPERY07.07.2030KASUTAJA ALLKIRI / HOLDER'S SIGNATURE,"{""type"": ""ISIKUTUNNISTUS"", ""country_code"": ""EESTI"", ""country"": ""ESTONIA"", ""surname"": ""KARLEESNIMED"", ""given_name"": ""SPIHLAKSUGU"", ""birthday"": ""26.10.1998"", ""gender"": null, ""issue_date"": null, ""expire_date"": null, ""place_of_birth"": null, ""issue_authority"": null, ""personal_num"": ""UNGT"", ""card_num"": ""UL7891162UL7884162LasileKEHTIV""}"
est,generated.photos_v3_0078272.png,EESTIVABARIIK ISIKUTUNNISTUSREPUBLIC OF ESTONIA IDENTITY CARDPERKEKONNAMIMI / SURNAMEKADRIEESNIMED/ GIVEN NAMESKIVIMÁGISUGU/N/FSEXESTKODAKONDUS/CITIZENSHIPESTPN9278167SUNNAEGI/DATE OF BIRTH02.12.1999ISIKUKOOD/PERSONAL CODE UNGT 27545188100DOKUMENDI NUMBER/DOCUMENT NUMBERPN9378167ckadoPN9276167KEHTIV KUNI/ DATE OF EXPIRY11.11.2030KASUTAJA ALLKIRI / HOLDER'S SIGNATURE,"{""type"": ""ISIKUTUNNISTUS"", ""country_code"": ""EESTI"", ""country"": ""ESTONIA"", ""surname"": ""KADRIEESNIMED"", ""given_name"": ""SKIVIM"", ""birthday"": ""02.12.1999"", ""gender"": null, ""issue_date"": null, ""expire_date"": ""11.11.2030"", ""place_of_birth"": null, ""issue_authority"": null, ""personal_num"": ""UNGT"", ""card_num"": ""PN9378167ckadoPN9276167KEHTIV""}"
est,generated.photos_v3_0079389_0652990_0803656.png,EESTIVABARIIK ISIKUTUNNISTUSREPUBLIC OF ESTONIA IDENTITY CARDPERKEKONNANIMI / SURNAMERIINAEESNIMED/ GIVEN NAMESKARUSUGU/N/FSEXESTKODAKONDSUS/CITIZENSHIPESTV67778327SUNNAEGIDATE OF BIRTH22.03.1992ISIKUKOOD/PERSONAL CODE UNG90727753701DOKUMENDI NUMBER/DOCUMENT NUMBERVV6778327VV6788327JkriinKEHTIV KUNI/ DATE OF EXPERY16.11.2032KASUTAJA ALLKIRI / HOLDER'S SIGNATURE,"{""type"": ""ISIKUTUNNISTUS"", ""country_code"": ""EESTI"", ""country"": ""ESTONIA"", ""surname"": ""RIINAEESNIMED"", ""given_name"": ""SKARUSUGU"", ""birthday"": ""22.03.1992"", ""gender"": null, ""issue_date"": null, ""expire_date"": null, ""place_of_birth"": null, ""issue_authority"": null, ""personal_num"": ""UNG90727753701DOKUMENDI"", ""card_num"": ""VV6778327VV6788327JkriinKEHTIV""}"
est,generated.photos_v3_0081825_0003559_0497605.png,EESTIVABARIIK ISIKUTUNNISTUSREPUBLIC OF ESTONIA IDENTITY CARDPERKEKONNAMIMI / SURNAMERAINEREESNIMED/ GIVEN NAMESKOPPELSUGU/M/MSEXESTKODAKONDUS/CITIZENSHIPESTPP1557453SUNNAEGI/DATE OF BIRTH22.11.1998ISIKUKOOD /PERSONAL CODE UNGT 75442162533DOKUMENDI NUMBER/DOCUMENT NUMBERPP15557453lmristPP15757453KEHTIV KUNI/ DATE OF EXPERY28.12.2031KASUTAJA ALLKIRI / HOLDER'S SIGNATURE,"{""type"": ""ISIKUTUNNISTUS"", ""country_code"": ""EESTI"", ""country"": ""ESTONIA"", ""surname"": ""RAINEREESNIMED"", ""given_name"": ""SKOPPELSUGU"", ""birthday"": ""22.11.1998"", ""gender"": null, ""issue_date"": null, ""expire_date"": null, ""place_of_birth"": null, ""issue_authority"": null, ""personal_num"": ""UNGT"", ""card_num"": ""PP15557453lmristPP15757453KEHTIV""}"
est,generated.photos_v3_0081825.png,EESTIVABARIIK ISIKUTUNNISTUSREPUBLIC OF ESTONIA IDENTITY CARDPERKEKONNANIMI / SURNAMEGRETEEESNIMED/ GIVEN NAMESVESKISUGU/M/MSEXESTKODAKONDUSU/CITIZENSHIPESTHW2396904SUNNAEGI/DATE OF BIRTH28.10.1991ISIKUKOOD /PERSONAL CODE INGT 78135411065DOKUMENDI NUMBER/DOCUMENT NUMBERHW2396904HW 2396994LanviKEHTIV KUNI/ DATE OF EXPERY12.12.2033KASUTAJA ALLKIRI / HOLDER'S SIGNATURE,"{""type"": ""ISIKUTUNNISTUS"", ""country_code"": ""EESTI"", ""country"": ""ESTONIA"", ""surname"": ""GRETEEESNIMED"", ""given_name"": ""SVESKISUGU"", ""birthday"": ""28.10.1991"", ""gender"": null, ""issue_date"": null, ""expire_date"": null, ""place_of_birth"": null, ""issue_authority"": null, ""personal_num"": ""INGT"", ""card_num"": ""HW2396904HW""}"
est,generated.photos_v3_0081131.png,EESTIVABARIIK ISIKUTUNNISTUSREPUBLIC OF ESTONIA IDENTITY CARDPERKEKONNANIMI / SURNAMEKARLEESNIMED/ GIVEN NAMESVÁLISUGU/M/MSEXESTKODAKONDUS/CITIZENSHIPESTJ085011634SUNNAEGI/DATE OF BIRTH30.09.1995ISIKUKOOD /PERSONAL CODE INGT15917491694DOKUMENDI NUMBER/DOCUMENT NUMBERJO85001634J08501634akarlKEHTIV KUNI/ DATE OF EXPIRY20.12.2031KASUTAJA ALLKIRI / HOLDER'S SIGNATURE,"{""type"": ""ISIKUTUNNISTUS"", ""country_code"": ""EESTI"", ""country"": ""ESTONIA"", ""surname"": ""KARLEESNIMED"", ""given_name"": ""SV"", ""birthday"": ""30.09.1995"", ""gender"": null, ""issue_date"": null, ""expire_date"": ""20.12.2031"", ""place_of_birth"": null, ""issue_authority"": null, ""personal_num"": ""INGT15917491694DOKUMENDI"", ""card_num"": ""JO85001634J08501634akarlKEHTIV""}"
est,generated.photos_v3_0078228.png,EESTIVABARIIK ISIKUTUNNISTUSREPUBLIC OF ESTONIA IDENTITY CARDPERKEKONNANIMI / SURNAMEMALLEEESNIMED/ GIVEN NAMESLIIVAKSUGU/N/FSEXESTKODAKONDUS/CITIZENSHIPESTMZ11132524SUNNAEGIDATE OF BIRTH02.07.1992ISIKUKOOD/PERSONAL CODE INGT 62381982336DOKUMENDI NUMBER/DOCUMENT NUMBERMZ1132524MZ1123524KEHTIV KUNI/ DATE OF EXPIRY21.12.2034KASUTAJA ALLKIRI / HOLDER'S SIGNATURE,"{""type"": ""ISIKUTUNNISTUS"", ""country_code"": ""EESTI"", ""country"": ""ESTONIA"", ""surname"": ""MALLEEESNIMED"", ""given_name"": ""SLIIVAKSUGU"", ""birthday"": ""02.07.1992"", ""gender"": null, ""issue_date"": null, ""expire_date"": ""21.12.2034"", ""place_of_birth"": null, ""issue_authority"": null, ""personal_num"": ""INGT"", ""card_num"": ""MZ1132524MZ1123524KEHTIV""}"
est,generated.photos_v3_0079960.png,EESTIVABARIIK ISIKUTUNNISTUSREPUBLIC OF ESTONIA IDENTITY CARDPERKEKONNANIMI / SURNAMERASMUSEESNIMED/ GIVEN NAMESEELMAASUGU/M/MSEXESTKODAKONDSU/CITIZENSHIPESTAL9241856SUNNAEGI/DATE OF BIRTH14.08.1995ISIKUKOOD/PERSONAL CODE UNGT 75502962687DOKUMENDI NUMBER/DOCUMENT NUMBERAL9 241856erasmAL924118656KEHTIV KUNI/ DATE OF EXPIRY06.06.2030KASUTAJA ALLKIRI / HOLDER'S SIGNATURE,"{""type"": ""ISIKUTUNNISTUS"", ""country_code"": ""EESTI"", ""country"": ""ESTONIA"", ""surname"": ""RASMUSEESNIMED"", ""given_name"": ""SEELMAASUGU"", ""birthday"": ""14.08.1995"", ""gender"": null, ""issue_date"": null, ""expire_date"": ""06.06.2030"", ""place_of_birth"": null, ""issue_authority"": null, ""personal_num"": ""UNGT"", ""card_num"": ""AL9""}"
est,generated.photos_v3_0079389_0840669_0344435.png,EESTIVABARIIK ISIKUTUNNISTUSREPUBLIC OF ESTONIA IDENTITY CARDPERKEKONNAMIMI / SURNAMEELIISEEESNIMED/ GIVEN NAMESKASKSUGU/N/FSEXESTKODAKONDSUS/CITIZENSHIPESTVQ58894169SUNNAEGI/DATE OF BIRTH11.10.1994ISIKUKOOD /PERSONAL CODE INGT04131488322DOKUMENDI NUMBER/DOCUMENT NUMBERVQ5894169LkeliiVQ5894 169KEHTIV KUNI/ DATE OF EXPIRY13.12.2031KASUTAJA ALLKIRI / HOLDER'S SIGNATURE,"{""type"": ""ISIKUTUNNISTUS"", ""country_code"": ""EESTI"", ""country"": ""ESTONIA"", ""surname"": ""ELIISEEESNIMED"", ""given_name"": ""SKASKSUGU"", ""birthday"": ""11.10.1994"", ""gender"": null, ""issue_date"": null, ""expire_date"": ""13.12.2031"", ""place_of_birth"": null, ""issue_authority"": null, ""personal_num"": ""INGT04131488322DOKUMENDI"", ""card_num"": ""VQ5894169LkeliiVQ5894""}"
est,generated.photos_v3_0079389_0652990_0192846.png,EESTIVABARIIK ISIKUTUNNISTUSREPUBLIC OF ESTONIA IDENTITY CARDPERKEKONNANIMI / SURNAMEBONDEESNIMED / GIVEN NAMESJAMESSUGU/SEXN/FESTKODAKONDUS/CITIZENSHIPESTSUNNAEGISL7838230DATE OF BIRTH06.07.1997ISIKUKOOD/PERSONAL CODE UNGT 20015161485DOKUMENDI NUMBER/DOCUMENT NUMBERSL7838230tannelSL78338230KEHTIV KUNI/ DATE OF EXPIRY18.12.2034KASUTAJA ALLKIRI / HOLDER'S SIGNATURE,"{""type"": ""ISIKUTUNNISTUS"", ""country_code"": ""EESTI"", ""country"": ""ESTONIA"", ""surname"": ""BONDEESNIMED"", ""given_name"": ""SJAMESSUGU"", ""birthday"": ""06.07.1997"", ""gender"": null, ""issue_date"": null, ""expire_date"": ""18.12.2034"", ""place_of_birth"": null, ""issue_authority"": null, ""personal_num"": ""UNGT"", ""card_num"": ""SL7838230tannelSL78338230KEHTIV""}"
est,generated.photos_v3_0077011.png,EESTIVABARIIK ISIKUTUNNISTUSREPUBLIC OF ESTONIA IDENTITY CARDPERKEKONNAMIMI / SURNAMEKASPAREESNIMED/ GIVEN NAMESPIHLAKSUGU/M/MSEXESTKODAKONDUS/CITIZENSHIPESTJ66330284SUNNAEGIDATE OF BIRTH03.10.1991ISIKUKOOD/PERSONAL CODE INGT 27676659646DOKUMENDI NUMBER/DOCUMENT NUMBERIJ66302842pkaspIJ66030284KEHTIV KUNI/ DATE OF EXPIRY07.07.2030KASUTAJA ALLKIRI / HOLDER'S SIGNATURE,"{""type"": ""ISIKUTUNNISTUS"", ""country_code"": ""EESTI"", ""country"": ""ESTONIA"", ""surname"": ""KASPAREESNIMED"", ""given_name"": ""SPIHLAKSUGU"", ""birthday"": ""03.10.1991"", ""gender"": null, ""issue_date"": null, ""expire_date"": ""07.07.2030"", ""place_of_birth"": null, ""issue_authority"": null, ""personal_num"": ""INGT"", ""card_num"": ""IJ66302842pkaspIJ66030284KEHTIV""}"
rus,generated.photos_v3_0088336_0553942_0901531.png,ДЛЕКСЕEВИЧФИ.МАМ.А.НЯКовАлЕB56 59ОГПЕсТЕвОПориИМуУКАката06.12.1994ПолаРОкО ДЕдЕния иМестоНаБЕрежжные чейлны849558Родждений,"{""country_code"": null, ""surname"": null, ""given_name"": null, ""birthday"": ""06.12.1994"", ""issue_date"": null, ""expire_date"": null, ""gender"": null, ""patronymic_name"": null, ""place_of_birth"": null, ""card_num"": null}"
rus,generated.photos_v3_0084527.png,МАКСИМовичФЕМ МЛА.НЯЛобановЛиЯ17 50ЕвТЕнИиЙОГПЕчествоХЕHАката26.03.1996ПолРОкДЕ ДАннияМесгоУФа618024РолА Дений,"{""country_code"": null, ""surname"": null, ""given_name"": null, ""birthday"": ""26.03.1996"", ""issue_date"": null, ""expire_date"": null, ""gender"": null, ""patronymic_name"": ""МАКСИМ"", ""place_of_birth"": null, ""card_num"": null}"
rus,generated.photos_v3_0085881.png,МИТРОФАНВЫЙЧФониманяКОролЛЕЬНиЯ16 16ДЛEKСАндРAОтнествоХЕHАката06.10.1993ПолаРолкадновияМесегоУЛьяноВск126568Ронасления,"{""country_code"": null, ""surname"": null, ""given_name"": null, ""birthday"": ""06.10.1993"", ""issue_date"": null, ""expire_date"": null, ""gender"": null, ""patronymic_name"": null, ""place_of_birth"": null, ""card_num"": null}"
rus,generated.photos_v3_0086345.png,АнтоновичФЕРИМАМ.ЛЯМоРОЗВ91 34НИкО ЛАлЙОтнествоМуУКАката26.02.2001ПолаРокОдАвния иМесгоКАJЛининниград298875Роскаденика,"{""country_code"": null, ""surname"": ""АнтоновичФЕРИМА"", ""given_name"": null, ""birthday"": ""26.02.2001"", ""issue_date"": null, ""expire_date"": null, ""gender"": null, ""patronymic_name"": ""Антон"", ""place_of_birth"": null, ""card_num"": null}"
rus,generated.photos_v3_0083286.png,ДАНИЛИлГОВичПЕОнов68ОтнествоОлЛегМУКАката17.03.198452ПолаРОкДеннияМесгоОмск649734Роджелия,"{""country_code"": null, ""surname"": null, ""given_name"": null, ""birthday"": ""17.03.1984"", ""issue_date"": null, ""expire_date"": null, ""gender"": null, ""patronymic_name"": ""ДАНИЛИлГ"", ""place_of_birth"": null, ""card_num"": null}"
rus,generated.photos_v3_0525008.png,ДЛЕКСЕEВИЧФРОМИ МАНЯБОрИсСоВА85АльблинаОтнествоХЕнАката08.11.199742ПолаРоскадения иМесегоНижкний новтородаРоджделия147649,"{""country_code"": null, ""surname"": null, ""given_name"": null, ""birthday"": ""08.11.1997"", ""issue_date"": null, ""expire_date"": null, ""gender"": null, ""patronymic_name"": null, ""place_of_birth"": null, ""card_num"": null}"
rus,generated.photos_v3_0088336.png,ИГОРЕВЫЙЧФИ МАЛИ.ЯНЕстерова29 ИЛ.АСВеТПЗДАнаОтнествоМУКАкая28.01.1994Пол.Рокдения иМесегоМосква928400Росплення,"{""country_code"": null, ""surname"": null, ""given_name"": null, ""birthday"": ""28.01.1994"", ""issue_date"": null, ""expire_date"": null, ""gender"": null, ""patronymic_name"": null, ""place_of_birth"": null, ""card_num"": null}"
rus,generated.photos_v3_0085310.png,НИКОЛАЕВИчПОлова70 93ОтнествоТАтьянаХЕHАката20.08.1998ПолаРокдения иМесегоПенза120285Роскдейний,"{""country_code"": null, ""surname"": null, ""given_name"": null, ""birthday"": ""20.08.1998"", ""issue_date"": null, ""expire_date"": null, ""gender"": null, ""patronymic_name"": null, ""place_of_birth"": null, ""card_num"": null}"
rus,generated.photos_v3_0084216.png,МАКСИМовичФЕРОГР ИЛЕB33НИкОлЛаЙОтнествоМуУКАката08.10.1990ПОхДЕнния иМесегоИиКевск858327Рожделия,"{""country_code"": null, ""surname"": null, ""given_name"": null, ""birthday"": ""08.10.1990"", ""issue_date"": null, ""expire_date"": null, ""gender"": null, ""patronymic_name"": ""МАКСИМ"", ""place_of_birth"": null, ""card_num"": null}"
rus,generated.photos_v3_0086152.png,ЕВГЕньбевичФЕмИАМИ ЯКОРОJЛЕBA91НИIНAОтнествоЖЕHАката23.08.1965ПОхРокДЕ ДИнияМесгоУФA731502Роскайдений,"{""country_code"": null, ""surname"": null, ""given_name"": null, ""birthday"": ""23.08.1965"", ""issue_date"": null, ""expire_date"": null, ""gender"": null, ""patronymic_name"": null, ""place_of_birth"": null, ""card_num"": null}"
rus,generated.photos_v3_0090431.png,ВЛАДИМПРОВичФИ МА.Л.ЯМиХАлЛIОBA13 17 17ОтнествоТАтьянаХенАката19.07.1993ПолаРокАдния иМесгоНОBOКУЗНELКРоскадений326390,"{""country_code"": null, ""surname"": null, ""given_name"": null, ""birthday"": ""19.07.1993"", ""issue_date"": null, ""expire_date"": null, ""gender"": null, ""patronymic_name"": ""ВЛАДИМПР"", ""place_of_birth"": null, ""card_num"": null}"
rus,generated.photos_v3_0086116.png,ОЛЕГГоВИЧФИ.МАМ.Л.ЯСАвельЕB85ИванОтнествоМужАката19.08.1995ПолаРОкДЕннияМесегоЯРосСлЛавль689963РокДенный,"{""country_code"": null, ""surname"": ""ОЛЕГГоВИЧФ"", ""given_name"": null, ""birthday"": ""19.08.1995"", ""issue_date"": null, ""expire_date"": null, ""gender"": null, ""patronymic_name"": ""ОЛЕГГ"", ""place_of_birth"": null, ""card_num"": null}"
rus,generated.photos_v3_0085040_0975120_0992722.png,МИТРОФАНВЫЙФонимальняЗАXAPOBНиЯ86АндриийОтнествоМужАката06.05.1998ПолаРоскдения иМесегоЧЕБОкСАры372538Роджделия,"{""country_code"": null, ""surname"": null, ""given_name"": null, ""birthday"": ""06.05.1998"", ""issue_date"": null, ""expire_date"": null, ""gender"": null, ""patronymic_name"": null, ""place_of_birth"": null, ""card_num"": null}"
rus,generated.photos_v3_0084037.png,МИТРОФАНВЫЙЧСПИ МА.ЛЯИльинИиля20 39НиКИтаОтнествоМуУКАката23.12.1997ПолаРокДЕДения иМесегоУльяновскРоскаденний3129922,"{""country_code"": null, ""surname"": null, ""given_name"": null, ""birthday"": ""23.12.1997"", ""issue_date"": null, ""expire_date"": null, ""gender"": null, ""patronymic_name"": null, ""place_of_birth"": null, ""card_num"": null}"
rus,generated.photos_v3_0082757.png,СЕРГТЕEВЛИЙЧФЕрИ МАЛ ИЗЯПРохОХРоОРOBАНЫЯ12 13ЕллизаветаОтенествоХенАлата06.06.2000ПолаРаждения дляМесегоМоскваРезделия422085,"{""country_code"": null, ""surname"": null, ""given_name"": null, ""birthday"": ""06.06.2000"", ""issue_date"": null, ""expire_date"": null, ""gender"": null, ""patronymic_name"": null, ""place_of_birth"": null, ""card_num"": null}"
rus,generated.photos_v3_0476734.png,ДЛЕКСЕEВИЧФРОМАМ ИЗЯЯКовЛIEBAИля68ДлЕксандраОтнествоХЕнАката04.03.199543ПолаРокАнния иМесегоКраснофдар685590Роскайдениг,"{""country_code"": null, ""surname"": null, ""given_name"": null, ""birthday"": ""04.03.1995"", ""issue_date"": null, ""expire_date"": null, ""gender"": null, ""patronymic_name"": null, ""place_of_birth"": null, ""card_num"": null}"
rus,generated.photos_v3_0084377.png,СЕРТЕEВИЧФЕ МАЛЯНЯИльинаИиЛаЯ70 55 55ОГПНествоСвЕтЛIAHAМУКАката23.04.1993ПолаРокАдения иМесегоМосква586039Роспленная,"{""country_code"": null, ""surname"": null, ""given_name"": null, ""birthday"": ""23.04.1993"", ""issue_date"": null, ""expire_date"": null, ""gender"": null, ""patronymic_name"": null, ""place_of_birth"": null, ""card_num"": null}"
rus,generated.photos_v3_0085762.png,ФРИМАЛЯАртемовичПЛаЗА РЕВА64ОГНСТОАннаЖЕHАката19.11.2003ПолаРокДенияМестоХАвАAPOBCK594981Роскдення,"{""country_code"": null, ""surname"": null, ""given_name"": null, ""birthday"": ""19.11.2003"", ""issue_date"": null, ""expire_date"": null, ""gender"": null, ""patronymic_name"": ""ФРИМАЛЯАртем"", ""place_of_birth"": null, ""card_num"": ""APOBCK594981""}"
rus,generated.photos_v3_0440653.png,ФЕРМАЛИЯАртемовичБЕлЛоВА95ОПЕнствоИринаХЕHАката05.08.1990ПолаРокАния иМестоКА3АHb202204Роскайдений,"{""country_code"": null, ""surname"": null, ""given_name"": null, ""birthday"": ""05.08.1990"", ""issue_date"": null, ""expire_date"": null, ""gender"": null, ""patronymic_name"": ""ФЕРМАЛИЯАртем"", ""place_of_birth"": null, ""card_num"": null}"
rus,generated.photos_v3_0083765.png,НИКОЛАЕВИчФИ.МА.Л.ЯГАвРИлОBA32ОтнествоМартАриТАХЕHАката27.01.1984ПолаРокденияМесгоТомСК147409Роскдейний,"{""country_code"": null, ""surname"": ""НИКОЛАЕВИчФ"", ""given_name"": null, ""birthday"": ""27.01.1984"", ""issue_date"": null, ""expire_date"": null, ""gender"": null, ""patronymic_name"": null, ""place_of_birth"": null, ""card_num"": null}"
rus,generated.photos_v3_0090043.png,ДЛЕКСАН ДРОВИЧФИ.МА.НЯМ МИМорО3В93НиКиТАОтнествоМужАкта30.05.1987Пол.РоледенияМесгоТOMСK725932Росплення,"{""country_code"": null, ""surname"": null, ""given_name"": null, ""birthday"": ""30.05.1987"", ""issue_date"": null, ""expire_date"": null, ""gender"": null, ""patronymic_name"": ""ДР"", ""place_of_birth"": null, ""card_num"": null}"
rus,generated.photos_v3_0494563_0073875_0422971.png,ИВАНОБЫЙЧЧФЕДИ МА.МИ.ЯСМиРНов47 СИмРHOBПАвейОтнествоМуУКАката27.11.1997ПолаРочка длянияМесгоПермь778428Ролгадений,"{""country_code"": null, ""surname"": null, ""given_name"": null, ""birthday"": ""27.11.1997"", ""issue_date"": null, ""expire_date"": null, ""gender"": null, ""patronymic_name"": null, ""place_of_birth"": null, ""card_num"": null}"
rus,generated.photos_v3_0450041.png,ФОНИМАЛЯКОнстантийновичЗАXAPOBA53МаЯОтнествоМAPИяХЕНАката17.03.2001ПолаРОкДЕ ДНиЯН ЯМесгоОреньург947467Родждения,"{""country_code"": null, ""surname"": null, ""given_name"": null, ""birthday"": ""17.03.2001"", ""issue_date"": null, ""expire_date"": null, ""gender"": null, ""patronymic_name"": ""ФОНИМАЛЯКОнстантийн"", ""place_of_birth"": null, ""card_num"": null}"
rus,generated.photos_v3_0086090.png,АНДРЕВИЧФИ.МА.ЛЯКОЛыЛоВА35ОтнествоВикторияХЕHАкта18.01.1988ПолаРокДенияМесгоУЛьяновск882133Роскаденний,"{""country_code"": null, ""surname"": ""АНДРЕВИЧФ"", ""given_name"": null, ""birthday"": ""18.01.1988"", ""issue_date"": null, ""expire_date"": null, ""gender"": null, ""patronymic_name"": null, ""place_of_birth"": null, ""card_num"": null}"
rus,generated.photos_v3_0083465.png,ПАВЛОБИЙЧФЕДИ МА.Л.И.ЯПAЗАAPЕBAЛиЯ16 16ВаЛентинаОтнествоХЕнАката11.09.1996ПодРОкО ДЕдНАнияМесегоТОльяттиРодждений688864,"{""country_code"": null, ""surname"": null, ""given_name"": null, ""birthday"": ""11.09.1996"", ""issue_date"": null, ""expire_date"": null, ""gender"": null, ""patronymic_name"": null, ""place_of_birth"": null, ""card_num"": null}"
rus,generated.photos_v3_0086540.png,ДЛЕКСАН ДРОВИЧНИколДAEB81 51ОтнествоНикЧТАМУКАка21.11.1998ПодРокДенный иМесегоВлддивосток863987Роскадения,"{""country_code"": null, ""surname"": null, ""given_name"": null, ""birthday"": ""21.11.1998"", ""issue_date"": null, ""expire_date"": null, ""gender"": null, ""patronymic_name"": ""ДР"", ""place_of_birth"": null, ""card_num"": null}"
rus,generated.photos_v3_0083976.png,ГОРЫБЕВИЧДЛКСАНДPОB35ОтнествоАндрийМУКАкта13.05.2000ПолаРокАвнияМесгоГомСк441132Роскадениг,"{""country_code"": null, ""surname"": null, ""given_name"": null, ""birthday"": ""13.05.2000"", ""issue_date"": null, ""expire_date"": null, ""gender"": null, ""patronymic_name"": null, ""place_of_birth"": null, ""card_num"": null}"
rus,generated.photos_v3_0084294.png,ГЕОРПИЕвичПоли МАЛЯРапицей99ОтнествоГринХЕHАката30.01.1992ПохРокгденияМесгоВОлГорград161498Роскадежия,"{""country_code"": null, ""surname"": null, ""given_name"": null, ""birthday"": ""30.01.1992"", ""issue_date"": null, ""expire_date"": null, ""gender"": null, ""patronymic_name"": null, ""place_of_birth"": null, ""card_num"": null}"
rus,generated.photos_v3_0084413.png,НИКЛТОВИчФРИ МАЛ.ЯХРистофоров83АндрииЙОтнествоХEНАкта07.02.1990ПодРокДЕНий иМесгоТольяти524887Роскадения,"{""country_code"": null, ""surname"": null, ""given_name"": null, ""birthday"": ""07.02.1990"", ""issue_date"": null, ""expire_date"": null, ""gender"": null, ""patronymic_name"": ""НИКЛТ"", ""place_of_birth"": null, ""card_num"": null}"
rus,generated.photos_v3_0084612.png,ДЛЕКСАН ДРОВИЧДіЕиН36 21ОтнествоХЕHАката16.04.1994ПолРокДения иМесгоНИчкний новтородРоскленя130317,"{""country_code"": null, ""surname"": null, ""given_name"": null, ""birthday"": ""16.04.1994"", ""issue_date"": null, ""expire_date"": null, ""gender"": null, ""patronymic_name"": ""ДР"", ""place_of_birth"": null, ""card_num"": null}"
rus,generated.photos_v3_0088495.png,ДЛЕКСЕEВИЧФИ МАМЯНЯДмиТРИеВаОКсАнаОтнествоЖЕHАката24.11.1993ПолаРокАдния иМесгоКрасноцдар133520Роскаденная,"{""country_code"": null, ""surname"": null, ""given_name"": null, ""birthday"": ""24.11.1993"", ""issue_date"": null, ""expire_date"": null, ""gender"": null, ""patronymic_name"": null, ""place_of_birth"": null, ""card_num"": null}"
rus,generated.photos_v3_0086328.png,АНДРЕВБИЙЧФЕммайняКУЛЛAКоВАНиЯ66ВаЛлентинаОПЕнствоЖЕHАката08.06.1995ПолаРокОдения иМестоCAPATOB925952Роскаделия,"{""country_code"": null, ""surname"": null, ""given_name"": null, ""birthday"": ""08.06.1995"", ""issue_date"": null, ""expire_date"": null, ""gender"": null, ""patronymic_name"": null, ""place_of_birth"": null, ""card_num"": ""CAPATOB925952""}"
rus,generated.photos_v3_0088100.png,АнтоновичФЕРИМАЛЯГАвРиЛлОВА58МаЯМAPИяОтнествоХЕнАката23.09.1999ПодРокгадения дляМесегоВолптоград537311Росяделия,"{""country_code"": null, ""surname"": null, ""given_name"": null, ""birthday"": ""23.09.1999"", ""issue_date"": null, ""expire_date"": null, ""gender"": null, ""patronymic_name"": ""Антон"", ""place_of_birth"": null, ""card_num"": null}"
rus,generated.photos_v3_0541837.png,НИКЛТОВЫЙФИ.МАМ.ЯКовалев15 79ОтнествоОлетейМуУКАката19.06.1994ПолаРокденнияМесегоOMCK917506РОкДЕНия,"{""country_code"": null, ""surname"": ""НИКЛТОВЫЙФ"", ""given_name"": null, ""birthday"": ""19.06.1994"", ""issue_date"": null, ""expire_date"": null, ""gender"": null, ""patronymic_name"": null, ""place_of_birth"": null, ""card_num"": ""OMCK917506""}"
rus,generated.photos_v3_0083244.png,ДАНИЛПОВЫЙФЕД МА.Л.И.ЯВасСИльев32ОтнествоСертейЙМУКАката18.12.2000ПолаРокдения дляМесегоОмск892870РОспення,"{""country_code"": null, ""surname"": null, ""given_name"": null, ""birthday"": ""18.12.2000"", ""issue_date"": null, ""expire_date"": null, ""gender"": null, ""patronymic_name"": null, ""place_of_birth"": null, ""card_num"": null}"
rus,generated.photos_v3_0488592_0437774_0853497.png,МАКСИМовичФРОЛЕВЬКоролЛеВ48ОтнествоОлетейМуУКАката12.01.2001ПолаРокДЕнный иМесгоСаРаТОBОрОкДения018427,"{""country_code"": null, ""surname"": null, ""given_name"": null, ""birthday"": ""12.01.2001"", ""issue_date"": null, ""expire_date"": null, ""gender"": null, ""patronymic_name"": ""МАКСИМ"", ""place_of_birth"": null, ""card_num"": null}"
rus,generated.photos_v3_0086523_0365732_0940276.png,ИГОРЕВЫЙФИ.МАЛИ ЯОсиПГоВ26 79ИлияВлДАдИмИиРОтнествоМуУКАкта17.10.1996ПолаРоскдения иМесегоТУлЛA552081Родждейний,"{""country_code"": null, ""surname"": ""ИГОРЕВЫЙФ"", ""given_name"": null, ""birthday"": ""17.10.1996"", ""issue_date"": null, ""expire_date"": null, ""gender"": null, ""patronymic_name"": null, ""place_of_birth"": null, ""card_num"": null}"
rus,generated.photos_v3_0090463.png,ФОНСТАГАнтиПИНовичФониманияНовиковНамя99ЕВГейнийОтнествоХЕнАката26.02.1997ПолаРокдениияМесегоЧЕвоккаРАрыГокайдия430808,"{""country_code"": null, ""surname"": null, ""given_name"": null, ""birthday"": ""26.02.1997"", ""issue_date"": null, ""expire_date"": null, ""gender"": null, ""patronymic_name"": ""ФОНСТАГАнтиПИНовичФониманияНовик"", ""place_of_birth"": null, ""card_num"": null}"
rus,generated.photos_v3_0499913.png,АНДРЕВИЧФИ МА.ЛЯАлЛксев34 37ОПНеСТВоВлДфИмИрМУКАка18.09.1980ПолаРокДения иМестоУльяновск406952Роскадення,"{""country_code"": null, ""surname"": null, ""given_name"": null, ""birthday"": ""18.09.1980"", ""issue_date"": null, ""expire_date"": null, ""gender"": null, ""patronymic_name"": null, ""place_of_birth"": null, ""card_num"": null}"
rus,generated.photos_v3_0089660.png,ВЛАДИМПРОВичПермиона60ОтнествоГреиндхерМуж26.09.1997ДатаПолаРокеденияМесегоКАлининняград470075Роскаделия,"{""country_code"": null, ""surname"": null, ""given_name"": null, ""birthday"": ""26.09.1997"", ""issue_date"": null, ""expire_date"": null, ""gender"": null, ""patronymic_name"": ""ВЛАДИМПР"", ""place_of_birth"": null, ""card_num"": null}"
rus,generated.photos_v3_0084466.png,СЕРТЕEВИЙЧФЕрИ МАЛИ.ЯДИмТрРиЕB40 СОППействоДанилийДизайМУК06.09.1999ПолаРокОдЕдДения иМестоХАвБАрОвВск085234Роскаденниг,"{""country_code"": null, ""surname"": null, ""given_name"": null, ""birthday"": ""06.09.1999"", ""issue_date"": null, ""expire_date"": null, ""gender"": null, ""patronymic_name"": null, ""place_of_birth"": null, ""card_num"": null}"
rus,generated.photos_v3_0090569.png,ДИМТРПЕБВЙЧФИ.М.А.ЛЯЛобанова47 33 33ДленаОПнествоХЕн19.09.2002АкатаПолаРокгденияМесгоРоскаделияCAMAPA001847,"{""country_code"": null, ""surname"": ""ДИМТРПЕБВЙЧФ"", ""given_name"": null, ""birthday"": ""19.09.2002"", ""issue_date"": null, ""expire_date"": null, ""gender"": null, ""patronymic_name"": null, ""place_of_birth"": null, ""card_num"": ""CAMAPA001847""}"
rus,generated.photos_v3_0082952.png,ЕВГЕньбевичФЕммайзПИТОВа71 34ОтнествоСВETЛАНАХЕHАката15.05.1995ПолаРОкС ДЕвНияМесегоКРACHOДАр478152Родждения,"{""country_code"": null, ""surname"": null, ""given_name"": null, ""birthday"": ""15.05.1995"", ""issue_date"": null, ""expire_date"": null, ""gender"": null, ""patronymic_name"": null, ""place_of_birth"": null, ""card_num"": null}"
rus,generated.photos_v3_0562234.png,НИКЛТОВИчФИ.МАМ.ЯОсСППIОB58ОтнествоAHTOHМуУКАката23.09.1996ПолаРОкДЕДний ЯМесгоНаБЕрЕхжные челлны284964Родждения,"{""country_code"": null, ""surname"": ""НИКЛТОВИчФ"", ""given_name"": null, ""birthday"": ""23.09.1996"", ""issue_date"": null, ""expire_date"": null, ""gender"": null, ""patronymic_name"": ""НИКЛТ"", ""place_of_birth"": null, ""card_num"": null}"
rus,generated.photos_v3_0083100.png,НИКЛТОВЫЙФИ.МАМ.ЯЛуккьянов46 34ИлТрофонОтнествоМужАкта28.10.1992ПолаРоскадения иМесегоБАрнаЧИ539500Роджделия,"{""country_code"": null, ""surname"": ""НИКЛТОВЫЙФ"", ""given_name"": null, ""birthday"": ""28.10.1992"", ""issue_date"": null, ""expire_date"": null, ""gender"": null, ""patronymic_name"": null, ""place_of_birth"": null, ""card_num"": null}"
rus,generated.photos_v3_0084278.png,ДМИТРИевичДмитриеваИнна30 24 24ОГПЕСТвоМужАга18.08.1990ПолаРоскадния иМестоKA3AHb906885Рокадия,"{""country_code"": null, ""surname"": null, ""given_name"": null, ""birthday"": ""18.08.1990"", ""issue_date"": null, ""expire_date"": null, ""gender"": null, ""patronymic_name"": null, ""place_of_birth"": null, ""card_num"": ""KA3AHb906885""}"
rus,generated.photos_v3_0085040_0975120_0785655.png,ПЛЬБИЧДЖЕЙН75 58ОПнествоХЕHАга24.03.2000ПодРОкДенияМесгоТОмень143245РодДленя,"{""country_code"": null, ""surname"": null, ""given_name"": null, ""birthday"": ""24.03.2000"", ""issue_date"": null, ""expire_date"": null, ""gender"": null, ""patronymic_name"": null, ""place_of_birth"": null, ""card_num"": null}"
rus,generated.photos_v3_0085787.png,ОЛЕГГоВИЧФИ.МАЛ.И ЯСОколОIВА63ИринаОтнествоЖЕHАката05.06.1996ПолаРОчкайденияМесгоНАвеРежжные челлны344056Роляделия,"{""country_code"": null, ""surname"": ""ОЛЕГГоВИЧФ"", ""given_name"": null, ""birthday"": ""05.06.1996"", ""issue_date"": null, ""expire_date"": null, ""gender"": null, ""patronymic_name"": ""ОЛЕГГ"", ""place_of_birth"": null, ""card_num"": null}"
rus,generated.photos_v3_0088751.png,АНДРИЕВЛЬЧФЕммайняДлЕксеваАлЛексСЕва76 60ОГПНействоВаЛлентинаХЕнАкуга12.03.1989ПолаРокгдения иМестоЯРосплавль118226Разблездежия,"{""country_code"": null, ""surname"": null, ""given_name"": null, ""birthday"": ""12.03.1989"", ""issue_date"": null, ""expire_date"": null, ""gender"": null, ""patronymic_name"": null, ""place_of_birth"": null, ""card_num"": null}"
rus,generated.photos_v3_0575627.png,ПАВЛОБИЧФИ.МА.Л.ЯМоРО3В21 74АндрейОннествоМужАкта02.10.1998ПолаРожденияМесгоОреньурт400054Роскадия,"{""country_code"": null, ""surname"": ""ПАВЛОБИЧФ"", ""given_name"": null, ""birthday"": ""02.10.1998"", ""issue_date"": null, ""expire_date"": null, ""gender"": null, ""patronymic_name"": null, ""place_of_birth"": null, ""card_num"": null}"
